-- phpMyAdmin SQL Dump
-- version 5.2.1
-- https://www.phpmyadmin.net/
--
-- Host: 127.0.0.1:3306
-- Generation Time: Jan 01, 2026 at 06:16 PM
-- Server version: 10.4.32-MariaDB
-- PHP Version: 8.2.12

SET SQL_MODE = "NO_AUTO_VALUE_ON_ZERO";
START TRANSACTION;
SET time_zone = "+00:00";


/*!40101 SET @OLD_CHARACTER_SET_CLIENT=@@CHARACTER_SET_CLIENT */;
/*!40101 SET @OLD_CHARACTER_SET_RESULTS=@@CHARACTER_SET_RESULTS */;
/*!40101 SET @OLD_COLLATION_CONNECTION=@@COLLATION_CONNECTION */;
/*!40101 SET NAMES utf8mb4 */;

--
-- Database: `matka`
--

-- --------------------------------------------------------

--
-- Table structure for table `admins`
--

CREATE TABLE `admins` (
  `id` int(11) NOT NULL,
  `username` varchar(255) NOT NULL,
  `email` varchar(255) NOT NULL,
  `password` varchar(255) NOT NULL,
  `created_at` timestamp NOT NULL DEFAULT current_timestamp(),
  `updated_at` timestamp NOT NULL DEFAULT current_timestamp()
) ENGINE=InnoDB DEFAULT CHARSET=utf8mb4 COLLATE=utf8mb4_general_ci;

--
-- Dumping data for table `admins`
--

INSERT INTO `admins` (`id`, `username`, `email`, `password`, `created_at`, `updated_at`) VALUES
(1, 'admin', 'admin@gmail.com', '$2y$12$PdNdnZM.mvRHDkOLJflOouKgNNilnBSUrSz.Iil8iBH1BEFI2RVO.', '2025-10-23 05:47:52', '2025-10-23 00:24:15');

-- --------------------------------------------------------

--
-- Table structure for table `bet_limits`
--

CREATE TABLE `bet_limits` (
  `id` bigint(20) UNSIGNED NOT NULL,
  `game_type_id` bigint(20) UNSIGNED NOT NULL,
  `market_id` bigint(20) UNSIGNED NOT NULL,
  `min_bet` decimal(12,2) DEFAULT 10.00,
  `max_bet` decimal(12,2) DEFAULT 5000.00,
  `max_daily_bet` decimal(12,2) DEFAULT 50000.00
) ENGINE=InnoDB DEFAULT CHARSET=utf8mb4 COLLATE=utf8mb4_general_ci;

-- --------------------------------------------------------

--
-- Table structure for table `bids`
--

CREATE TABLE `bids` (
  `id` bigint(20) UNSIGNED NOT NULL,
  `user_id` bigint(20) UNSIGNED NOT NULL,
  `market_id` bigint(20) UNSIGNED NOT NULL,
  `game_type_id` bigint(20) UNSIGNED NOT NULL,
  `wallet_transaction_id` bigint(20) UNSIGNED DEFAULT NULL,
  `market_type` varchar(255) NOT NULL,
  `number` varchar(50) NOT NULL,
  `ank` tinyint(3) UNSIGNED NOT NULL,
  `amount` decimal(12,2) NOT NULL DEFAULT 0.00,
  `session` enum('open','close') DEFAULT NULL,
  `status` enum('pending','won','lost','cancelled') DEFAULT 'pending',
  `draw_date` date NOT NULL,
  `winning_amount` decimal(12,2) DEFAULT 0.00,
  `result_id` bigint(20) UNSIGNED DEFAULT NULL,
  `created_at` timestamp NOT NULL DEFAULT current_timestamp(),
  `updated_at` timestamp NOT NULL DEFAULT current_timestamp() ON UPDATE current_timestamp()
) ENGINE=InnoDB DEFAULT CHARSET=utf8mb4 COLLATE=utf8mb4_general_ci;

--
-- Dumping data for table `bids`
--

INSERT INTO `bids` (`id`, `user_id`, `market_id`, `game_type_id`, `wallet_transaction_id`, `market_type`, `number`, `ank`, `amount`, `session`, `status`, `draw_date`, `winning_amount`, `result_id`, `created_at`, `updated_at`) VALUES
(5, 4, 1, 1, 1, 'main', '1', 0, 200.00, 'open', 'pending', '2025-10-24', 0.00, NULL, '2025-10-30 22:22:49', '2025-10-30 22:22:49'),
(6, 4, 1, 1, 2, 'main', '2', 0, 100.00, 'open', 'pending', '2025-10-24', 0.00, NULL, '2025-10-30 22:22:49', '2025-10-30 22:22:49'),
(7, 4, 1, 9, 3, 'main', '222', 0, 100.00, 'open', 'pending', '2025-10-24', 0.00, NULL, '2025-10-30 22:58:30', '2025-10-30 22:58:30'),
(8, 4, 1, 1, 4, 'main', '4', 0, 100.00, 'open', 'pending', '2025-10-24', 0.00, NULL, '2025-10-30 23:26:30', '2025-10-30 23:26:30'),
(9, 4, 1, 2, 5, 'main', '3', 0, 100.00, 'open', 'pending', '2025-10-24', 0.00, NULL, '2025-10-30 23:29:54', '2025-10-30 23:29:54'),
(10, 4, 1, 2, 6, 'main', '4', 0, 100.00, 'open', 'pending', '2025-10-24', 0.00, NULL, '2025-10-30 23:29:54', '2025-10-30 23:29:54'),
(11, 4, 1, 2, 7, 'main', '4', 0, 100.00, 'open', 'pending', '2025-10-24', 0.00, NULL, '2025-10-30 23:32:55', '2025-10-30 23:32:55'),
(12, 4, 1, 2, 8, 'main', '6', 0, 100.00, 'open', 'pending', '2025-10-24', 0.00, NULL, '2025-10-30 23:32:55', '2025-10-30 23:32:55'),
(13, 4, 1, 11, 9, 'open', '4561', 0, 100.00, 'open', 'pending', '2025-10-24', 0.00, NULL, '2025-10-30 23:45:08', '2025-10-30 23:45:08'),
(14, 4, 1, 12, 10, 'open', '456-123', 0, 100.00, 'open', 'pending', '2025-10-24', 0.00, NULL, '2025-10-30 23:47:44', '2025-10-30 23:47:44'),
(15, 4, 1, 11, 11, 'open', '456-1', 0, 100.00, 'open', 'pending', '2025-10-24', 0.00, NULL, '2025-10-30 23:49:04', '2025-10-30 23:49:04'),
(16, 4, 1, 1, 12, 'main', '2', 0, 100.00, 'open', 'pending', '2025-10-24', 0.00, NULL, '2025-10-31 09:04:01', '2025-10-31 09:04:01'),
(17, 4, 7, 1, 13, 'starline', '1', 0, 40.00, 'open', 'pending', '2025-10-24', 0.00, NULL, '2025-12-30 11:15:41', '2025-12-30 11:15:41'),
(18, 4, 8, 1, 14, 'starline', '2', 0, 400.00, 'open', 'pending', '2025-10-24', 0.00, NULL, '2025-12-30 11:52:55', '2025-12-30 11:52:56'),
(19, 4, 52, 1, 15, 'market', '1', 1, 400.00, 'open', 'pending', '2025-10-24', 0.00, NULL, '2025-12-30 22:46:55', '2025-12-30 22:46:55');

-- --------------------------------------------------------

--
-- Table structure for table `cache`
--

CREATE TABLE `cache` (
  `key` varchar(255) NOT NULL,
  `value` mediumtext NOT NULL,
  `expiration` int(11) NOT NULL
) ENGINE=InnoDB DEFAULT CHARSET=utf8mb4 COLLATE=utf8mb4_unicode_ci;

-- --------------------------------------------------------

--
-- Table structure for table `cache_locks`
--

CREATE TABLE `cache_locks` (
  `key` varchar(255) NOT NULL,
  `owner` varchar(255) NOT NULL,
  `expiration` int(11) NOT NULL
) ENGINE=InnoDB DEFAULT CHARSET=utf8mb4 COLLATE=utf8mb4_unicode_ci;

-- --------------------------------------------------------

--
-- Table structure for table `deposit_requests`
--

CREATE TABLE `deposit_requests` (
  `id` bigint(20) UNSIGNED NOT NULL,
  `user_id` bigint(20) UNSIGNED NOT NULL,
  `amount` decimal(12,2) NOT NULL,
  `payment_mode` enum('upi','bank','manual') DEFAULT 'upi',
  `transaction_id` varchar(255) DEFAULT NULL,
  `screenshot` varchar(255) DEFAULT NULL,
  `status` enum('pending','approved','rejected') DEFAULT 'pending',
  `admin_id` bigint(20) UNSIGNED DEFAULT NULL,
  `admin_note` varchar(255) DEFAULT NULL,
  `created_at` timestamp NOT NULL DEFAULT current_timestamp(),
  `updated_at` timestamp NOT NULL DEFAULT current_timestamp() ON UPDATE current_timestamp()
) ENGINE=InnoDB DEFAULT CHARSET=utf8mb4 COLLATE=utf8mb4_general_ci;

-- --------------------------------------------------------

--
-- Table structure for table `failed_jobs`
--

CREATE TABLE `failed_jobs` (
  `id` bigint(20) UNSIGNED NOT NULL,
  `uuid` varchar(255) NOT NULL,
  `connection` text NOT NULL,
  `queue` text NOT NULL,
  `payload` longtext NOT NULL,
  `exception` longtext NOT NULL,
  `failed_at` timestamp NOT NULL DEFAULT current_timestamp()
) ENGINE=InnoDB DEFAULT CHARSET=utf8mb4 COLLATE=utf8mb4_unicode_ci;

-- --------------------------------------------------------

--
-- Table structure for table `gamelists`
--

CREATE TABLE `gamelists` (
  `id` bigint(20) UNSIGNED NOT NULL,
  `name` varchar(100) NOT NULL,
  `slug` varchar(100) NOT NULL,
  `open_pana` varchar(10) DEFAULT NULL,
  `close_pana` varchar(10) DEFAULT NULL,
  `open_digit` varchar(5) DEFAULT NULL,
  `close_digit` varchar(5) DEFAULT NULL,
  `single_panna` varchar(255) DEFAULT NULL,
  `single_digit` varchar(255) DEFAULT NULL,
  `market_type` varchar(255) NOT NULL,
  `market_status` tinyint(1) DEFAULT 1 COMMENT '1 = open, 0 = closed',
  `game_status` tinyint(1) DEFAULT 1 COMMENT '1 = active, 0 = inactive',
  `created_at` timestamp NULL DEFAULT current_timestamp(),
  `updated_at` timestamp NULL DEFAULT current_timestamp() ON UPDATE current_timestamp(),
  `deleted_at` timestamp NULL DEFAULT NULL
) ENGINE=InnoDB DEFAULT CHARSET=utf8mb4 COLLATE=utf8mb4_unicode_ci;

--
-- Dumping data for table `gamelists`
--

INSERT INTO `gamelists` (`id`, `name`, `slug`, `open_pana`, `close_pana`, `open_digit`, `close_digit`, `single_panna`, `single_digit`, `market_type`, `market_status`, `game_status`, `created_at`, `updated_at`, `deleted_at`) VALUES
(1, 'KARNATAKA DAY', 'karnataka-day', '160', '578', '7', '0', NULL, NULL, 'main', 1, 1, '2025-10-23 07:07:32', '2025-12-26 05:34:55', NULL),
(2, 'SRIDEVI MORNING', 'sridevi-morning', '230', '390', '5', '2', NULL, NULL, 'main', 1, 1, '2025-10-23 07:07:32', '2025-10-29 14:15:16', NULL),
(3, 'SITA MORNING', 'sita-morning', '350', '247', '8', '3', NULL, NULL, 'main', 1, 1, '2025-10-23 07:07:32', '2025-10-29 14:15:16', NULL),
(4, 'STAR TARA MORNING', 'star-tara-morning', '367', '790', '6', '6', NULL, NULL, 'main', 1, 1, '2025-10-23 07:07:32', '2025-10-29 14:15:16', NULL),
(5, 'MILAN MORNING', 'milan-morning', '790', '558', '6', '8', NULL, NULL, 'main', 1, 1, '2025-10-23 07:07:32', '2025-10-29 14:15:16', NULL),
(6, 'KALYAN MORNING', 'kalyan-morning', NULL, NULL, NULL, NULL, NULL, NULL, 'main', 1, 1, '2025-10-23 07:07:32', '2025-10-29 14:15:16', NULL),
(7, 'SRIDEVI', 'sridevi', '340', NULL, '7', NULL, NULL, NULL, 'main', 1, 1, '2025-10-23 07:07:32', '2025-10-29 14:15:16', NULL),
(8, 'MADHUR MORNING', 'madhur-morning', NULL, NULL, NULL, NULL, NULL, NULL, 'main', 1, 0, '2025-10-23 07:07:32', '2025-10-29 14:15:16', NULL),
(9, 'TIME BAZAR', 'time-bazar', NULL, NULL, NULL, NULL, NULL, NULL, 'main', 1, 1, '2025-10-23 07:07:32', '2025-10-29 14:15:16', NULL),
(10, 'MADHUR DAY', 'madhur-day', NULL, NULL, NULL, NULL, NULL, NULL, 'main', 1, 0, '2025-10-23 07:07:32', '2025-10-29 14:15:16', NULL),
(11, 'SITA DAY', 'sita-day', NULL, NULL, NULL, NULL, NULL, NULL, 'main', 1, 1, '2025-10-23 07:07:32', '2025-10-29 14:15:16', NULL),
(12, 'MILAN DAY', 'milan-day', NULL, NULL, NULL, NULL, NULL, NULL, 'main', 1, 1, '2025-10-23 07:07:32', '2025-10-29 14:15:16', NULL),
(13, 'STAR TARA DAY', 'star-tara-day', NULL, NULL, NULL, NULL, NULL, NULL, 'main', 1, 1, '2025-10-23 07:07:32', '2025-10-29 14:15:16', NULL),
(14, 'RAJDHANI DAY', 'rajdahni-day', NULL, NULL, NULL, NULL, NULL, NULL, 'main', 0, 1, '2025-10-23 07:07:32', '2025-10-29 14:15:16', NULL),
(15, 'SUPREME DAY', 'supreme-day', NULL, NULL, NULL, NULL, NULL, NULL, 'main', 0, 1, '2025-10-23 07:07:32', '2025-10-29 14:15:16', NULL),
(16, 'KALYAN', 'kalyan', NULL, NULL, NULL, NULL, NULL, NULL, 'main', 0, 1, '2025-10-23 07:07:32', '2025-10-29 14:15:16', NULL),
(17, 'SITA NIGHT', 'sita-night', NULL, NULL, NULL, NULL, NULL, NULL, 'main', 0, 1, '2025-10-23 07:07:32', '2025-10-29 14:15:16', NULL),
(18, 'SHRIDEVI NIGHT', 'shridevi-night', NULL, NULL, NULL, NULL, NULL, NULL, 'main', 0, 1, '2025-10-23 07:07:32', '2025-10-29 14:15:16', NULL),
(19, 'STAR TARA NIGHT', 'star-tara-night', NULL, NULL, NULL, NULL, NULL, NULL, 'main', 0, 1, '2025-10-23 07:07:32', '2025-10-29 14:15:16', NULL),
(20, 'MADHUR NIGHT', 'madhur-night', NULL, NULL, NULL, NULL, NULL, NULL, 'main', 0, 1, '2025-10-23 07:07:32', '2025-10-29 14:15:16', NULL),
(21, 'SUPREME NIGHT', 'supreme-night', NULL, NULL, NULL, NULL, NULL, NULL, 'main', 0, 1, '2025-10-23 07:07:32', '2025-10-29 14:15:16', NULL),
(22, 'ANDHRA NIGHT', 'andhra-night', NULL, NULL, NULL, NULL, NULL, NULL, 'main', 0, 0, '2025-10-23 07:07:32', '2025-10-29 14:15:16', NULL),
(23, 'WORLI MUMBAI', 'worli-mumbai', NULL, NULL, NULL, NULL, NULL, NULL, 'main', 0, 1, '2025-10-23 07:07:32', '2025-10-29 14:15:16', NULL),
(24, 'MILAN NIGHT', 'milan-night', NULL, NULL, NULL, NULL, NULL, NULL, 'main', 0, 1, '2025-10-23 07:07:32', '2025-10-29 14:15:16', NULL),
(25, 'KALYAN NIGHT', 'kalyan-night', NULL, NULL, NULL, NULL, NULL, NULL, 'main', 0, 1, '2025-10-23 07:07:32', '2025-10-29 14:15:16', NULL),
(26, 'RAJDHANI NIGHT', 'rajdahni-night', NULL, NULL, NULL, NULL, NULL, NULL, 'main', 0, 0, '2025-10-23 07:07:32', '2025-10-29 14:15:16', NULL),
(27, 'MAIN BAZAR', 'main-bazar', NULL, NULL, NULL, NULL, NULL, NULL, 'main', 0, 0, '2025-10-23 07:07:32', '2025-10-29 14:15:16', NULL),
(28, '10:00 AM', 'starline-10am', NULL, NULL, NULL, NULL, NULL, NULL, 'starline', 1, 1, '2025-10-29 15:28:34', '2025-10-29 15:28:34', NULL),
(29, '11:00 AM', 'starline-11am', NULL, NULL, NULL, NULL, NULL, NULL, 'starline', 1, 1, '2025-10-29 15:28:34', '2025-10-29 15:28:34', NULL),
(30, '12:00 PM', 'starline-12pm', NULL, NULL, NULL, NULL, NULL, NULL, 'starline', 1, 1, '2025-10-29 15:28:34', '2025-10-29 15:28:34', NULL),
(31, '1:00 PM', 'starline-1pm', NULL, NULL, NULL, NULL, NULL, NULL, 'starline', 1, 1, '2025-10-29 15:28:34', '2025-10-29 15:28:34', NULL),
(32, '2:00 PM', 'starline-2pm', NULL, NULL, NULL, NULL, NULL, NULL, 'starline', 1, 1, '2025-10-29 15:28:34', '2025-10-29 15:28:34', NULL),
(33, '3:00 PM', 'starline-3pm', NULL, NULL, NULL, NULL, NULL, NULL, 'starline', 1, 1, '2025-10-29 15:28:34', '2025-10-29 15:28:34', NULL),
(34, '4:00 PM', 'starline-4pm', NULL, NULL, NULL, NULL, NULL, NULL, 'starline', 1, 1, '2025-10-29 15:28:34', '2025-10-29 15:28:34', NULL),
(35, '5:00 PM', 'starline-5pm', NULL, NULL, NULL, NULL, NULL, NULL, 'starline', 1, 1, '2025-10-29 15:28:34', '2025-10-29 15:28:34', NULL),
(36, '6:00 PM', 'starline-6pm', NULL, NULL, NULL, NULL, NULL, NULL, 'starline', 1, 1, '2025-10-29 15:28:34', '2025-10-29 15:28:34', NULL),
(37, '7:00 PM', 'starline-7pm', NULL, NULL, NULL, NULL, NULL, NULL, 'starline', 1, 1, '2025-10-29 15:28:34', '2025-10-29 15:28:34', NULL),
(38, '8:00 PM', 'starline-8pm', NULL, NULL, NULL, NULL, NULL, NULL, 'starline', 1, 1, '2025-10-29 15:28:34', '2025-10-29 15:28:34', NULL),
(39, '9:00 PM', 'starline-9pm', NULL, NULL, NULL, NULL, NULL, NULL, 'starline', 1, 1, '2025-10-29 15:28:34', '2025-10-29 15:28:34', NULL),
(40, '10:00 PM', 'starline-10pm', NULL, NULL, NULL, NULL, NULL, NULL, 'starline', 1, 1, '2025-10-29 15:28:34', '2025-10-29 15:28:34', NULL),
(41, '11:00 PM', 'starline-11pm', NULL, NULL, NULL, NULL, NULL, NULL, 'starline', 1, 1, '2025-10-29 15:28:34', '2025-10-29 15:28:34', NULL),
(42, 'GALI', 'gali', NULL, NULL, NULL, NULL, NULL, NULL, 'galidisawar', 1, 1, '2025-10-29 15:30:30', '2025-10-29 15:30:30', NULL),
(43, 'DISAWAR', 'disawar', NULL, NULL, NULL, NULL, NULL, NULL, 'galidisawar', 1, 1, '2025-10-29 15:30:30', '2025-10-29 15:30:30', NULL),
(47, 'Test Kumar', 'test-kumar', '0', '0', '0', '0', NULL, NULL, 'main', 1, 1, '2025-12-12 13:45:32', '2025-12-12 13:45:32', NULL),
(48, 'test kumar 1', 'test-kumar-1', '0', '0', '0', '0', NULL, NULL, 'main', 1, 1, '2025-12-12 13:46:15', '2025-12-12 13:46:15', NULL),
(49, 'Test', 'test', '0', '0', '0', '0', NULL, NULL, 'main', 1, 1, '2025-12-12 13:47:04', '2025-12-12 13:47:04', NULL),
(50, 'Test', 'test', '0', '0', '0', '0', NULL, NULL, 'main', 1, 1, '2025-12-12 13:47:30', '2025-12-12 13:47:30', NULL),
(51, 'KARNATAKA D', 'karnataka-d', '0', '0', '0', '0', NULL, NULL, 'main', 1, 1, '2025-12-25 16:06:56', '2025-12-25 16:06:56', NULL),
(52, 'KARNATAKA', 'karnataka', NULL, NULL, NULL, NULL, NULL, NULL, 'main', 1, 1, '2025-12-26 05:23:21', '2025-12-26 05:23:21', NULL);

-- --------------------------------------------------------

--
-- Table structure for table `gametypes`
--

CREATE TABLE `gametypes` (
  `id` bigint(20) NOT NULL,
  `name` varchar(100) NOT NULL,
  `slug` varchar(100) NOT NULL,
  `payout_rate` decimal(10,2) NOT NULL DEFAULT 0.00,
  `description` varchar(255) DEFAULT NULL,
  `total_combinations` int(11) DEFAULT NULL,
  `status` enum('0','1') DEFAULT '0',
  `handle_type` varchar(100) DEFAULT NULL,
  `sort_order` int(11) DEFAULT 0,
  `color` varchar(255) NOT NULL,
  `created_at` timestamp NULL DEFAULT current_timestamp(),
  `updated_at` timestamp NULL DEFAULT current_timestamp() ON UPDATE current_timestamp(),
  `has_session` enum('Yes','No') DEFAULT 'No'
) ENGINE=InnoDB DEFAULT CHARSET=utf8mb4 COLLATE=utf8mb4_general_ci;

--
-- Dumping data for table `gametypes`
--

INSERT INTO `gametypes` (`id`, `name`, `slug`, `payout_rate`, `description`, `total_combinations`, `status`, `handle_type`, `sort_order`, `color`, `created_at`, `updated_at`, `has_session`) VALUES
(1, 'Single Digit', 'single_digit', 9.00, 'Bet 0–9', 10, '1', 'single', 1, '#007BFF', '2025-10-23 14:20:56', '2025-10-24 06:33:09', 'Yes'),
(2, 'Single Digit Bulk', 'single_digit_bulk', 9.00, NULL, NULL, '1', 'single', 2, '#007BFF', '2025-10-23 14:20:56', '2025-10-23 16:48:58', 'No'),
(3, 'Jodi Digit', 'jodi', 90.00, 'Bet 00–99', 100, '1', 'double', 3, '#007BFF', '2025-10-23 14:20:56', '2025-10-24 06:32:25', 'No'),
(4, 'Jodi Digit Bulk', 'jodi_bulk', 90.00, NULL, NULL, '1', 'double', 4, '#A201B3', '2025-10-23 14:20:56', '2025-10-23 16:49:19', 'No'),
(5, 'Single Panna', 'single_panna', 140.00, '3 unique digits', 120, '1', 'single', 5, '#15C62D', '2025-10-23 14:20:56', '2025-10-24 06:33:09', 'Yes'),
(6, 'Single Panna Bulk', 'single_panna_bulk', 140.00, NULL, NULL, '1', 'single', 6, '#06B1DC', '2025-10-23 14:20:56', '2025-10-23 16:49:29', 'No'),
(7, 'Double Panna', 'double_panna', 280.00, '2 same digits', 90, '1', 'double', 7, '#8419D7', '2025-10-23 14:20:56', '2025-10-24 06:33:09', 'Yes'),
(8, 'Double Panna Bulk', 'double_panna_bulk', 280.00, NULL, NULL, '1', 'double', 8, '#3655FC', '2025-10-23 14:20:56', '2025-10-23 16:49:38', 'No'),
(9, 'Triple Panna', 'triple_panna', 600.00, '3 same digits', 10, '1', 'triple', 9, '#FE7600', '2025-10-23 14:20:56', '2025-10-24 06:33:09', 'Yes'),
(10, 'Triple Panna Bulk', 'triple_panna_bulk', 600.00, NULL, NULL, '1', 'triple', 10, '#0AB0D6', '2025-10-23 14:20:56', '2025-10-23 16:49:48', 'No'),
(11, 'Half Sangam', 'half_sangam', 1000.00, 'Panna + Digit', NULL, '1', 'fifth', 11, '#86BF00', '2025-10-23 14:20:56', '2025-10-24 06:33:09', 'Yes'),
(12, 'Full Sangam', 'full_sangam', 10000.00, 'Panna + Panna', NULL, '1', 'six', 12, '#01B1B1', '2025-10-23 14:20:56', '2025-10-24 06:33:09', 'Yes');

-- --------------------------------------------------------

--
-- Table structure for table `game_rates`
--

CREATE TABLE `game_rates` (
  `id` bigint(20) UNSIGNED NOT NULL,
  `single_digit_1` float DEFAULT NULL,
  `single_digit_2` float DEFAULT NULL,
  `jodi_digit_1` float DEFAULT NULL,
  `jodi_digit_2` float DEFAULT NULL,
  `single_pana_1` float DEFAULT NULL,
  `single_pana_2` float DEFAULT NULL,
  `double_pana_1` float DEFAULT NULL,
  `double_pana_2` float DEFAULT NULL,
  `triple_pana_1` float DEFAULT NULL,
  `triple_pana_2` float DEFAULT NULL,
  `half_sangam_1` float DEFAULT NULL,
  `half_sangam_2` float DEFAULT NULL,
  `full_sangam_1` float DEFAULT NULL,
  `full_sangam_2` float DEFAULT NULL,
  `created_at` timestamp NULL DEFAULT NULL,
  `updated_at` timestamp NULL DEFAULT NULL
) ENGINE=InnoDB DEFAULT CHARSET=utf8mb4 COLLATE=utf8mb4_general_ci;

--
-- Dumping data for table `game_rates`
--

INSERT INTO `game_rates` (`id`, `single_digit_1`, `single_digit_2`, `jodi_digit_1`, `jodi_digit_2`, `single_pana_1`, `single_pana_2`, `double_pana_1`, `double_pana_2`, `triple_pana_1`, `triple_pana_2`, `half_sangam_1`, `half_sangam_2`, `full_sangam_1`, `full_sangam_2`, `created_at`, `updated_at`) VALUES
(1, 10, 95, 10, 900, 10, 1400, 10, 2800, 10, 7000, 10, 10000, 10, 10000, '2025-12-12 15:37:01', '2025-12-12 15:41:26');

-- --------------------------------------------------------

--
-- Table structure for table `jobs`
--

CREATE TABLE `jobs` (
  `id` bigint(20) UNSIGNED NOT NULL,
  `queue` varchar(255) NOT NULL,
  `payload` longtext NOT NULL,
  `attempts` tinyint(3) UNSIGNED NOT NULL,
  `reserved_at` int(10) UNSIGNED DEFAULT NULL,
  `available_at` int(10) UNSIGNED NOT NULL,
  `created_at` int(10) UNSIGNED NOT NULL
) ENGINE=InnoDB DEFAULT CHARSET=utf8mb4 COLLATE=utf8mb4_unicode_ci;

-- --------------------------------------------------------

--
-- Table structure for table `job_batches`
--

CREATE TABLE `job_batches` (
  `id` varchar(255) NOT NULL,
  `name` varchar(255) NOT NULL,
  `total_jobs` int(11) NOT NULL,
  `pending_jobs` int(11) NOT NULL,
  `failed_jobs` int(11) NOT NULL,
  `failed_job_ids` longtext NOT NULL,
  `options` mediumtext DEFAULT NULL,
  `cancelled_at` int(11) DEFAULT NULL,
  `created_at` int(11) NOT NULL,
  `finished_at` int(11) DEFAULT NULL
) ENGINE=InnoDB DEFAULT CHARSET=utf8mb4 COLLATE=utf8mb4_unicode_ci;

-- --------------------------------------------------------

--
-- Table structure for table `kyc_documents`
--

CREATE TABLE `kyc_documents` (
  `id` bigint(20) UNSIGNED NOT NULL,
  `user_id` bigint(20) UNSIGNED NOT NULL,
  `document_type` enum('aadhaar','pan','selfie') NOT NULL,
  `document_file` varchar(255) NOT NULL,
  `status` enum('pending','approved','rejected') DEFAULT 'pending',
  `admin_id` bigint(20) UNSIGNED DEFAULT NULL,
  `remarks` varchar(255) DEFAULT NULL,
  `created_at` timestamp NOT NULL DEFAULT current_timestamp()
) ENGINE=InnoDB DEFAULT CHARSET=utf8mb4 COLLATE=utf8mb4_general_ci;

-- --------------------------------------------------------

--
-- Table structure for table `market_gametypes`
--

CREATE TABLE `market_gametypes` (
  `id` bigint(20) UNSIGNED NOT NULL,
  `market_id` bigint(20) UNSIGNED NOT NULL,
  `game_type_id` bigint(20) NOT NULL,
  `is_active` tinyint(1) DEFAULT 1,
  `created_at` timestamp NULL DEFAULT current_timestamp(),
  `updated_at` timestamp NULL DEFAULT current_timestamp() ON UPDATE current_timestamp()
) ENGINE=InnoDB DEFAULT CHARSET=utf8mb4 COLLATE=utf8mb4_general_ci;

--
-- Dumping data for table `market_gametypes`
--

INSERT INTO `market_gametypes` (`id`, `market_id`, `game_type_id`, `is_active`, `created_at`, `updated_at`) VALUES
(1, 1, 1, 1, '2025-10-23 10:24:40', '2025-12-27 17:24:59'),
(2, 1, 2, 1, '2025-10-23 10:24:40', '2025-12-27 17:24:59'),
(3, 1, 3, 1, '2025-10-23 10:24:40', '2025-12-27 17:24:59'),
(4, 1, 4, 1, '2025-10-23 10:24:40', '2025-12-27 17:24:59'),
(5, 1, 5, 1, '2025-10-23 10:24:40', '2025-12-27 17:24:59'),
(6, 1, 6, 1, '2025-10-23 10:24:41', '2025-12-27 17:24:59'),
(7, 1, 7, 1, '2025-10-23 10:24:41', '2025-12-27 17:24:59'),
(8, 1, 8, 1, '2025-10-23 10:24:41', '2025-12-27 17:24:59'),
(9, 1, 9, 1, '2025-10-23 10:24:41', '2025-12-27 17:24:59'),
(10, 1, 10, 1, '2025-10-23 10:24:41', '2025-12-27 17:24:59'),
(11, 1, 11, 1, '2025-10-23 10:24:41', '2025-12-27 17:24:59'),
(12, 1, 12, 1, '2025-10-23 10:24:41', '2025-12-27 17:24:59'),
(13, 2, 1, 1, '2025-10-23 10:24:41', '2025-12-27 15:10:14'),
(14, 2, 2, 1, '2025-10-23 10:24:41', '2025-12-27 15:10:14'),
(15, 2, 3, 1, '2025-10-23 10:24:41', '2025-12-27 15:10:14'),
(16, 2, 4, 1, '2025-10-23 10:24:41', '2025-12-27 15:10:14'),
(17, 2, 5, 1, '2025-10-23 10:24:41', '2025-12-27 15:10:14'),
(18, 2, 6, 1, '2025-10-23 10:24:41', '2025-12-27 15:10:14'),
(19, 2, 7, 1, '2025-10-23 10:24:41', '2025-12-27 15:10:14'),
(20, 2, 8, 1, '2025-10-23 10:24:41', '2025-12-27 15:10:14'),
(21, 2, 9, 1, '2025-10-23 10:24:41', '2025-12-27 15:10:14'),
(22, 2, 10, 1, '2025-10-23 10:24:41', '2025-12-27 15:10:14'),
(23, 2, 11, 1, '2025-10-23 10:24:41', '2025-12-27 15:10:14'),
(24, 2, 12, 0, '2025-10-23 10:24:41', '2025-12-27 15:10:14'),
(25, 3, 1, 1, '2025-10-23 10:24:41', '2025-10-23 10:24:41'),
(26, 3, 2, 1, '2025-10-23 10:24:41', '2025-10-23 10:24:41'),
(27, 3, 3, 1, '2025-10-23 10:24:41', '2025-10-23 10:24:41'),
(28, 3, 4, 1, '2025-10-23 10:24:42', '2025-10-23 10:24:42'),
(29, 3, 5, 1, '2025-10-23 10:24:42', '2025-10-23 10:24:42'),
(30, 3, 6, 1, '2025-10-23 10:24:42', '2025-10-23 10:24:42'),
(31, 3, 7, 1, '2025-10-23 10:24:42', '2025-10-23 10:24:42'),
(32, 3, 8, 1, '2025-10-23 10:24:42', '2025-10-23 10:24:42'),
(33, 3, 9, 1, '2025-10-23 10:24:42', '2025-10-23 10:24:42'),
(34, 3, 10, 1, '2025-10-23 10:24:42', '2025-10-23 10:24:42'),
(35, 3, 11, 1, '2025-10-23 10:24:42', '2025-10-23 10:24:42'),
(36, 3, 12, 1, '2025-10-23 10:24:42', '2025-10-23 10:24:42'),
(37, 4, 1, 1, '2025-10-23 10:24:42', '2025-10-23 10:24:42'),
(38, 4, 2, 1, '2025-10-23 10:24:42', '2025-10-23 10:24:42'),
(39, 4, 3, 1, '2025-10-23 10:24:42', '2025-10-23 10:24:42'),
(40, 4, 4, 1, '2025-10-23 10:24:42', '2025-10-23 10:24:42'),
(41, 4, 5, 1, '2025-10-23 10:24:42', '2025-10-23 10:24:42'),
(42, 4, 6, 1, '2025-10-23 10:24:42', '2025-10-23 10:24:42'),
(43, 4, 7, 1, '2025-10-23 10:24:42', '2025-10-23 10:24:42'),
(44, 4, 8, 1, '2025-10-23 10:24:42', '2025-10-23 10:24:42'),
(45, 4, 9, 1, '2025-10-23 10:24:42', '2025-10-23 10:24:42'),
(46, 4, 10, 1, '2025-10-23 10:24:43', '2025-10-23 10:24:43'),
(47, 4, 11, 1, '2025-10-23 10:24:43', '2025-10-23 10:24:43'),
(48, 4, 12, 1, '2025-10-23 10:24:43', '2025-10-23 10:24:43'),
(49, 5, 1, 1, '2025-10-23 10:24:43', '2025-10-23 10:24:43'),
(50, 5, 2, 1, '2025-10-23 10:24:43', '2025-10-23 10:24:43'),
(51, 5, 3, 1, '2025-10-23 10:24:43', '2025-10-23 10:24:43'),
(52, 5, 4, 1, '2025-10-23 10:24:43', '2025-10-23 10:24:43'),
(53, 5, 5, 1, '2025-10-23 10:24:43', '2025-10-23 10:24:43'),
(54, 5, 6, 1, '2025-10-23 10:24:43', '2025-10-23 10:24:43'),
(55, 5, 7, 1, '2025-10-23 10:24:43', '2025-10-23 10:24:43'),
(56, 5, 8, 1, '2025-10-23 10:24:43', '2025-10-23 10:24:43'),
(57, 5, 9, 1, '2025-10-23 10:24:43', '2025-10-23 10:24:43'),
(58, 5, 10, 1, '2025-10-23 10:24:43', '2025-10-23 10:24:43'),
(59, 5, 11, 1, '2025-10-23 10:24:43', '2025-10-23 10:24:43'),
(60, 5, 12, 1, '2025-10-23 10:24:43', '2025-10-23 10:24:43'),
(61, 6, 1, 1, '2025-10-23 10:24:43', '2025-10-23 10:24:43'),
(62, 6, 2, 1, '2025-10-23 10:24:43', '2025-10-23 10:24:43'),
(63, 6, 3, 1, '2025-10-23 10:24:43', '2025-10-23 10:24:43'),
(64, 6, 4, 1, '2025-10-23 10:24:43', '2025-10-23 10:24:43'),
(65, 6, 5, 1, '2025-10-23 10:24:43', '2025-10-23 10:24:43'),
(66, 6, 6, 1, '2025-10-23 10:24:43', '2025-10-23 10:24:43'),
(67, 6, 7, 1, '2025-10-23 10:24:43', '2025-10-23 10:24:43'),
(68, 6, 8, 1, '2025-10-23 10:24:43', '2025-10-23 10:24:43'),
(69, 6, 9, 1, '2025-10-23 10:24:43', '2025-10-23 10:24:43'),
(70, 6, 10, 1, '2025-10-23 10:24:43', '2025-10-23 10:24:43'),
(71, 6, 11, 1, '2025-10-23 10:24:43', '2025-10-23 10:24:43'),
(72, 6, 12, 1, '2025-10-23 10:24:43', '2025-10-23 10:24:43'),
(73, 7, 1, 1, '2025-10-23 10:24:43', '2025-10-23 10:24:43'),
(74, 7, 2, 1, '2025-10-23 10:24:43', '2025-10-23 10:24:43'),
(75, 7, 3, 1, '2025-10-23 10:24:43', '2025-10-23 10:24:43'),
(76, 7, 4, 1, '2025-10-23 10:24:43', '2025-10-23 10:24:43'),
(77, 7, 5, 1, '2025-10-23 10:24:43', '2025-10-23 10:24:43'),
(78, 7, 6, 1, '2025-10-23 10:24:44', '2025-10-23 10:24:44'),
(79, 7, 7, 1, '2025-10-23 10:24:44', '2025-10-23 10:24:44'),
(80, 7, 8, 1, '2025-10-23 10:24:44', '2025-10-23 10:24:44'),
(81, 7, 9, 1, '2025-10-23 10:24:44', '2025-10-23 10:24:44'),
(82, 7, 10, 1, '2025-10-23 10:24:44', '2025-10-23 10:24:44'),
(83, 7, 11, 1, '2025-10-23 10:24:44', '2025-10-23 10:24:44'),
(84, 7, 12, 1, '2025-10-23 10:24:44', '2025-10-23 10:24:44'),
(85, 8, 1, 1, '2025-10-23 10:24:44', '2025-10-23 10:24:44'),
(86, 8, 2, 1, '2025-10-23 10:24:44', '2025-10-23 10:24:44'),
(87, 8, 3, 1, '2025-10-23 10:24:44', '2025-10-23 10:24:44'),
(88, 8, 4, 1, '2025-10-23 10:24:44', '2025-10-23 10:24:44'),
(89, 8, 5, 1, '2025-10-23 10:24:44', '2025-10-23 10:24:44'),
(90, 8, 6, 1, '2025-10-23 10:24:44', '2025-10-23 10:24:44'),
(91, 8, 7, 1, '2025-10-23 10:24:44', '2025-10-23 10:24:44'),
(92, 8, 8, 1, '2025-10-23 10:24:44', '2025-10-23 10:24:44'),
(93, 8, 9, 1, '2025-10-23 10:24:44', '2025-10-23 10:24:44'),
(94, 8, 10, 1, '2025-10-23 10:24:44', '2025-10-23 10:24:44'),
(95, 8, 11, 1, '2025-10-23 10:24:44', '2025-10-23 10:24:44'),
(96, 8, 12, 1, '2025-10-23 10:24:44', '2025-10-23 10:24:44'),
(97, 9, 1, 1, '2025-10-23 10:24:44', '2025-10-23 10:24:44'),
(98, 9, 2, 1, '2025-10-23 10:24:44', '2025-10-23 10:24:44'),
(99, 9, 3, 1, '2025-10-23 10:24:44', '2025-10-23 10:24:44'),
(100, 9, 4, 1, '2025-10-23 10:24:45', '2025-10-23 10:24:45'),
(101, 9, 5, 1, '2025-10-23 10:24:45', '2025-10-23 10:24:45'),
(102, 9, 6, 1, '2025-10-23 10:24:45', '2025-10-23 10:24:45'),
(103, 9, 7, 1, '2025-10-23 10:24:45', '2025-10-23 10:24:45'),
(104, 9, 8, 1, '2025-10-23 10:24:45', '2025-10-23 10:24:45'),
(105, 9, 9, 1, '2025-10-23 10:24:45', '2025-10-23 10:24:45'),
(106, 9, 10, 1, '2025-10-23 10:24:45', '2025-10-23 10:24:45'),
(107, 9, 11, 1, '2025-10-23 10:24:45', '2025-10-23 10:24:45'),
(108, 9, 12, 1, '2025-10-23 10:24:45', '2025-10-23 10:24:45'),
(109, 10, 1, 1, '2025-10-23 10:24:45', '2025-10-23 10:24:45'),
(110, 10, 2, 1, '2025-10-23 10:24:45', '2025-10-23 10:24:45'),
(111, 10, 3, 1, '2025-10-23 10:24:45', '2025-10-23 10:24:45'),
(112, 10, 4, 1, '2025-10-23 10:24:45', '2025-10-23 10:24:45'),
(113, 10, 5, 1, '2025-10-23 10:24:45', '2025-10-23 10:24:45'),
(114, 10, 6, 1, '2025-10-23 10:24:45', '2025-10-23 10:24:45'),
(115, 10, 7, 1, '2025-10-23 10:24:45', '2025-10-23 10:24:45'),
(116, 10, 8, 1, '2025-10-23 10:24:45', '2025-10-23 10:24:45'),
(117, 10, 9, 1, '2025-10-23 10:24:45', '2025-10-23 10:24:45'),
(118, 10, 10, 1, '2025-10-23 10:24:45', '2025-10-23 10:24:45'),
(119, 10, 11, 1, '2025-10-23 10:24:45', '2025-10-23 10:24:45'),
(120, 10, 12, 1, '2025-10-23 10:24:45', '2025-10-23 10:24:45'),
(121, 11, 1, 1, '2025-10-23 10:24:45', '2025-10-23 10:24:45'),
(122, 11, 2, 1, '2025-10-23 10:24:45', '2025-10-23 10:24:45'),
(123, 11, 3, 1, '2025-10-23 10:24:45', '2025-10-23 10:24:45'),
(124, 11, 4, 1, '2025-10-23 10:24:45', '2025-10-23 10:24:45'),
(125, 11, 5, 1, '2025-10-23 10:24:45', '2025-10-23 10:24:45'),
(126, 11, 6, 1, '2025-10-23 10:24:45', '2025-10-23 10:24:45'),
(127, 11, 7, 1, '2025-10-23 10:24:46', '2025-10-23 10:24:46'),
(128, 11, 8, 1, '2025-10-23 10:24:46', '2025-10-23 10:24:46'),
(129, 11, 9, 1, '2025-10-23 10:24:46', '2025-10-23 10:24:46'),
(130, 11, 10, 1, '2025-10-23 10:24:46', '2025-10-23 10:24:46'),
(131, 11, 11, 1, '2025-10-23 10:24:46', '2025-10-23 10:24:46'),
(132, 11, 12, 1, '2025-10-23 10:24:46', '2025-10-23 10:24:46'),
(133, 12, 1, 1, '2025-10-23 10:24:46', '2025-10-23 10:24:46'),
(134, 12, 2, 1, '2025-10-23 10:24:46', '2025-10-23 10:24:46'),
(135, 12, 3, 1, '2025-10-23 10:24:46', '2025-10-23 10:24:46'),
(136, 12, 4, 1, '2025-10-23 10:24:46', '2025-10-23 10:24:46'),
(137, 12, 5, 1, '2025-10-23 10:24:46', '2025-10-23 10:24:46'),
(138, 12, 6, 1, '2025-10-23 10:24:46', '2025-10-23 10:24:46'),
(139, 12, 7, 1, '2025-10-23 10:24:46', '2025-10-23 10:24:46'),
(140, 12, 8, 1, '2025-10-23 10:24:46', '2025-10-23 10:24:46'),
(141, 12, 9, 1, '2025-10-23 10:24:46', '2025-10-23 10:24:46'),
(142, 12, 10, 1, '2025-10-23 10:24:46', '2025-10-23 10:24:46'),
(143, 12, 11, 1, '2025-10-23 10:24:46', '2025-10-23 10:24:46'),
(144, 12, 12, 1, '2025-10-23 10:24:47', '2025-10-23 10:24:47'),
(145, 13, 1, 1, '2025-10-23 10:24:47', '2025-10-23 10:24:47'),
(146, 13, 2, 1, '2025-10-23 10:24:47', '2025-10-23 10:24:47'),
(147, 13, 3, 1, '2025-10-23 10:24:47', '2025-10-23 10:24:47'),
(148, 13, 4, 1, '2025-10-23 10:24:47', '2025-10-23 10:24:47'),
(149, 13, 5, 1, '2025-10-23 10:24:47', '2025-10-23 10:24:47'),
(150, 13, 6, 1, '2025-10-23 10:24:47', '2025-10-23 10:24:47'),
(151, 13, 7, 1, '2025-10-23 10:24:47', '2025-10-23 10:24:47'),
(152, 13, 8, 1, '2025-10-23 10:24:47', '2025-10-23 10:24:47'),
(153, 13, 9, 1, '2025-10-23 10:24:47', '2025-10-23 10:24:47'),
(154, 13, 10, 1, '2025-10-23 10:24:47', '2025-10-23 10:24:47'),
(155, 13, 11, 1, '2025-10-23 10:24:47', '2025-10-23 10:24:47'),
(156, 13, 12, 1, '2025-10-23 10:24:47', '2025-10-23 10:24:47'),
(157, 14, 1, 1, '2025-10-23 10:24:47', '2025-10-23 10:24:47'),
(158, 14, 2, 1, '2025-10-23 10:24:47', '2025-10-23 10:24:47'),
(159, 14, 3, 1, '2025-10-23 10:24:47', '2025-10-23 10:24:47'),
(160, 14, 4, 1, '2025-10-23 10:24:47', '2025-10-23 10:24:47'),
(161, 14, 5, 1, '2025-10-23 10:24:47', '2025-10-23 10:24:47'),
(162, 14, 6, 1, '2025-10-23 10:24:47', '2025-10-23 10:24:47'),
(163, 14, 7, 1, '2025-10-23 10:24:47', '2025-10-23 10:24:47'),
(164, 14, 8, 1, '2025-10-23 10:24:47', '2025-10-23 10:24:47'),
(165, 14, 9, 1, '2025-10-23 10:24:47', '2025-10-23 10:24:47'),
(166, 14, 10, 1, '2025-10-23 10:24:47', '2025-10-23 10:24:47'),
(167, 14, 11, 1, '2025-10-23 10:24:47', '2025-10-23 10:24:47'),
(168, 14, 12, 1, '2025-10-23 10:24:47', '2025-10-23 10:24:47'),
(169, 15, 1, 1, '2025-10-23 10:24:48', '2025-10-23 10:24:48'),
(170, 15, 2, 1, '2025-10-23 10:24:48', '2025-10-23 10:24:48'),
(171, 15, 3, 1, '2025-10-23 10:24:48', '2025-10-23 10:24:48'),
(172, 15, 4, 1, '2025-10-23 10:24:48', '2025-10-23 10:24:48'),
(173, 15, 5, 1, '2025-10-23 10:24:48', '2025-10-23 10:24:48'),
(174, 15, 6, 1, '2025-10-23 10:24:48', '2025-10-23 10:24:48'),
(175, 15, 7, 1, '2025-10-23 10:24:48', '2025-10-23 10:24:48'),
(176, 15, 8, 1, '2025-10-23 10:24:48', '2025-10-23 10:24:48'),
(177, 15, 9, 1, '2025-10-23 10:24:48', '2025-10-23 10:24:48'),
(178, 15, 10, 1, '2025-10-23 10:24:48', '2025-10-23 10:24:48'),
(179, 15, 11, 1, '2025-10-23 10:24:48', '2025-10-23 10:24:48'),
(180, 15, 12, 1, '2025-10-23 10:24:48', '2025-10-23 10:24:48'),
(181, 16, 1, 1, '2025-10-23 10:24:48', '2025-10-23 10:24:48'),
(182, 16, 2, 1, '2025-10-23 10:24:48', '2025-10-23 10:24:48'),
(183, 16, 3, 1, '2025-10-23 10:24:48', '2025-10-23 10:24:48'),
(184, 16, 4, 1, '2025-10-23 10:24:48', '2025-10-23 10:24:48'),
(185, 16, 5, 1, '2025-10-23 10:24:48', '2025-10-23 10:24:48'),
(186, 16, 6, 1, '2025-10-23 10:24:48', '2025-10-23 10:24:48'),
(187, 16, 7, 1, '2025-10-23 10:24:48', '2025-10-23 10:24:48'),
(188, 16, 8, 1, '2025-10-23 10:24:48', '2025-10-23 10:24:48'),
(189, 16, 9, 1, '2025-10-23 10:24:48', '2025-10-23 10:24:48'),
(190, 16, 10, 1, '2025-10-23 10:24:48', '2025-10-23 10:24:48'),
(191, 16, 11, 1, '2025-10-23 10:24:48', '2025-10-23 10:24:48'),
(192, 16, 12, 1, '2025-10-23 10:24:48', '2025-10-23 10:24:48'),
(193, 17, 1, 1, '2025-10-23 10:24:48', '2025-10-23 10:24:48'),
(194, 17, 2, 1, '2025-10-23 10:24:48', '2025-10-23 10:24:48'),
(195, 17, 3, 1, '2025-10-23 10:24:49', '2025-10-23 10:24:49'),
(196, 17, 4, 1, '2025-10-23 10:24:49', '2025-10-23 10:24:49'),
(197, 17, 5, 1, '2025-10-23 10:24:49', '2025-10-23 10:24:49'),
(198, 17, 6, 1, '2025-10-23 10:24:49', '2025-10-23 10:24:49'),
(199, 17, 7, 1, '2025-10-23 10:24:49', '2025-10-23 10:24:49'),
(200, 17, 8, 1, '2025-10-23 10:24:49', '2025-10-23 10:24:49'),
(201, 17, 9, 1, '2025-10-23 10:24:49', '2025-10-23 10:24:49'),
(202, 17, 10, 1, '2025-10-23 10:24:49', '2025-10-23 10:24:49'),
(203, 17, 11, 1, '2025-10-23 10:24:49', '2025-10-23 10:24:49'),
(204, 17, 12, 1, '2025-10-23 10:24:49', '2025-10-23 10:24:49'),
(205, 18, 1, 1, '2025-10-23 10:24:49', '2025-10-23 10:24:49'),
(206, 18, 2, 1, '2025-10-23 10:24:49', '2025-10-23 10:24:49'),
(207, 18, 3, 1, '2025-10-23 10:24:49', '2025-10-23 10:24:49'),
(208, 18, 4, 1, '2025-10-23 10:24:49', '2025-10-23 10:24:49'),
(209, 18, 5, 1, '2025-10-23 10:24:49', '2025-10-23 10:24:49'),
(210, 18, 6, 1, '2025-10-23 10:24:49', '2025-10-23 10:24:49'),
(211, 18, 7, 1, '2025-10-23 10:24:49', '2025-10-23 10:24:49'),
(212, 18, 8, 1, '2025-10-23 10:24:49', '2025-10-23 10:24:49'),
(213, 18, 9, 1, '2025-10-23 10:24:49', '2025-10-23 10:24:49'),
(214, 18, 10, 1, '2025-10-23 10:24:49', '2025-10-23 10:24:49'),
(215, 18, 11, 1, '2025-10-23 10:24:49', '2025-10-23 10:24:49'),
(216, 18, 12, 1, '2025-10-23 10:24:49', '2025-10-23 10:24:49'),
(217, 19, 1, 1, '2025-10-23 10:24:49', '2025-10-23 10:24:49'),
(218, 19, 2, 1, '2025-10-23 10:24:49', '2025-10-23 10:24:49'),
(219, 19, 3, 1, '2025-10-23 10:24:50', '2025-10-23 10:24:50'),
(220, 19, 4, 1, '2025-10-23 10:24:50', '2025-10-23 10:24:50'),
(221, 19, 5, 1, '2025-10-23 10:24:50', '2025-10-23 10:24:50'),
(222, 19, 6, 1, '2025-10-23 10:24:50', '2025-10-23 10:24:50'),
(223, 19, 7, 1, '2025-10-23 10:24:50', '2025-10-23 10:24:50'),
(224, 19, 8, 1, '2025-10-23 10:24:50', '2025-10-23 10:24:50'),
(225, 19, 9, 1, '2025-10-23 10:24:50', '2025-10-23 10:24:50'),
(226, 19, 10, 1, '2025-10-23 10:24:50', '2025-10-23 10:24:50'),
(227, 19, 11, 1, '2025-10-23 10:24:50', '2025-10-23 10:24:50'),
(228, 19, 12, 1, '2025-10-23 10:24:50', '2025-10-23 10:24:50'),
(229, 20, 1, 1, '2025-10-23 10:24:50', '2025-10-23 10:24:50'),
(230, 20, 2, 1, '2025-10-23 10:24:50', '2025-10-23 10:24:50'),
(231, 20, 3, 1, '2025-10-23 10:24:50', '2025-10-23 10:24:50'),
(232, 20, 4, 1, '2025-10-23 10:24:50', '2025-10-23 10:24:50'),
(233, 20, 5, 1, '2025-10-23 10:24:50', '2025-10-23 10:24:50'),
(234, 20, 6, 1, '2025-10-23 10:24:50', '2025-10-23 10:24:50'),
(235, 20, 7, 1, '2025-10-23 10:24:50', '2025-10-23 10:24:50'),
(236, 20, 8, 1, '2025-10-23 10:24:50', '2025-10-23 10:24:50'),
(237, 20, 9, 1, '2025-10-23 10:24:50', '2025-10-23 10:24:50'),
(238, 20, 10, 1, '2025-10-23 10:24:50', '2025-10-23 10:24:50'),
(239, 20, 11, 1, '2025-10-23 10:24:50', '2025-10-23 10:24:50'),
(240, 20, 12, 1, '2025-10-23 10:24:50', '2025-10-23 10:24:50'),
(241, 21, 1, 1, '2025-10-23 10:24:50', '2025-10-23 10:24:50'),
(242, 21, 2, 1, '2025-10-23 10:24:50', '2025-10-23 10:24:50'),
(243, 21, 3, 1, '2025-10-23 10:24:51', '2025-10-23 10:24:51'),
(244, 21, 4, 1, '2025-10-23 10:24:51', '2025-10-23 10:24:51'),
(245, 21, 5, 1, '2025-10-23 10:24:51', '2025-10-23 10:24:51'),
(246, 21, 6, 1, '2025-10-23 10:24:51', '2025-10-23 10:24:51'),
(247, 21, 7, 1, '2025-10-23 10:24:51', '2025-10-23 10:24:51'),
(248, 21, 8, 1, '2025-10-23 10:24:51', '2025-10-23 10:24:51'),
(249, 21, 9, 1, '2025-10-23 10:24:51', '2025-10-23 10:24:51'),
(250, 21, 10, 1, '2025-10-23 10:24:51', '2025-10-23 10:24:51'),
(251, 21, 11, 1, '2025-10-23 10:24:51', '2025-10-23 10:24:51'),
(252, 21, 12, 1, '2025-10-23 10:24:51', '2025-10-23 10:24:51'),
(253, 22, 1, 1, '2025-10-23 10:24:51', '2025-10-23 10:24:51'),
(254, 22, 2, 1, '2025-10-23 10:24:51', '2025-10-23 10:24:51'),
(255, 22, 3, 1, '2025-10-23 10:24:51', '2025-10-23 10:24:51'),
(256, 22, 4, 1, '2025-10-23 10:24:51', '2025-10-23 10:24:51'),
(257, 22, 5, 1, '2025-10-23 10:24:51', '2025-10-23 10:24:51'),
(258, 22, 6, 1, '2025-10-23 10:24:51', '2025-10-23 10:24:51'),
(259, 22, 7, 1, '2025-10-23 10:24:52', '2025-10-23 10:24:52'),
(260, 22, 8, 1, '2025-10-23 10:24:52', '2025-10-23 10:24:52'),
(261, 22, 9, 1, '2025-10-23 10:24:52', '2025-10-23 10:24:52'),
(262, 22, 10, 1, '2025-10-23 10:24:52', '2025-10-23 10:24:52'),
(263, 22, 11, 1, '2025-10-23 10:24:52', '2025-10-23 10:24:52'),
(264, 22, 12, 1, '2025-10-23 10:24:52', '2025-10-23 10:24:52'),
(265, 23, 1, 1, '2025-10-23 10:24:52', '2025-10-23 10:24:52'),
(266, 23, 2, 1, '2025-10-23 10:24:52', '2025-10-23 10:24:52'),
(267, 23, 3, 1, '2025-10-23 10:24:52', '2025-10-23 10:24:52'),
(268, 23, 4, 1, '2025-10-23 10:24:52', '2025-10-23 10:24:52'),
(269, 23, 5, 1, '2025-10-23 10:24:52', '2025-10-23 10:24:52'),
(270, 23, 6, 1, '2025-10-23 10:24:52', '2025-10-23 10:24:52'),
(271, 23, 7, 1, '2025-10-23 10:24:52', '2025-10-23 10:24:52'),
(272, 23, 8, 1, '2025-10-23 10:24:52', '2025-10-23 10:24:52'),
(273, 23, 9, 1, '2025-10-23 10:24:52', '2025-10-23 10:24:52'),
(274, 23, 10, 1, '2025-10-23 10:24:52', '2025-10-23 10:24:52'),
(275, 23, 11, 1, '2025-10-23 10:24:52', '2025-10-23 10:24:52'),
(276, 23, 12, 1, '2025-10-23 10:24:52', '2025-10-23 10:24:52'),
(277, 24, 1, 1, '2025-10-23 10:24:52', '2025-10-23 10:24:52'),
(278, 24, 2, 1, '2025-10-23 10:24:52', '2025-10-23 10:24:52'),
(279, 24, 3, 1, '2025-10-23 10:24:52', '2025-10-23 10:24:52'),
(280, 24, 4, 1, '2025-10-23 10:24:52', '2025-10-23 10:24:52'),
(281, 24, 5, 1, '2025-10-23 10:24:52', '2025-10-23 10:24:52'),
(282, 24, 6, 1, '2025-10-23 10:24:52', '2025-10-23 10:24:52'),
(283, 24, 7, 1, '2025-10-23 10:24:52', '2025-10-23 10:24:52'),
(284, 24, 8, 1, '2025-10-23 10:24:52', '2025-10-23 10:24:52'),
(285, 24, 9, 1, '2025-10-23 10:24:52', '2025-10-23 10:24:52'),
(286, 24, 10, 1, '2025-10-23 10:24:52', '2025-10-23 10:24:52'),
(287, 24, 11, 1, '2025-10-23 10:24:53', '2025-10-23 10:24:53'),
(288, 24, 12, 1, '2025-10-23 10:24:53', '2025-10-23 10:24:53'),
(289, 25, 1, 1, '2025-10-23 10:24:53', '2025-10-23 10:24:53'),
(290, 25, 2, 1, '2025-10-23 10:24:53', '2025-10-23 10:24:53'),
(291, 25, 3, 1, '2025-10-23 10:24:53', '2025-10-23 10:24:53'),
(292, 25, 4, 1, '2025-10-23 10:24:53', '2025-10-23 10:24:53'),
(293, 25, 5, 1, '2025-10-23 10:24:53', '2025-10-23 10:24:53'),
(294, 25, 6, 1, '2025-10-23 10:24:53', '2025-10-23 10:24:53'),
(295, 25, 7, 1, '2025-10-23 10:24:53', '2025-10-23 10:24:53'),
(296, 25, 8, 1, '2025-10-23 10:24:53', '2025-10-23 10:24:53'),
(297, 25, 9, 1, '2025-10-23 10:24:53', '2025-10-23 10:24:53'),
(298, 25, 10, 1, '2025-10-23 10:24:53', '2025-10-23 10:24:53'),
(299, 25, 11, 1, '2025-10-23 10:24:53', '2025-10-23 10:24:53'),
(300, 25, 12, 1, '2025-10-23 10:24:53', '2025-10-23 10:24:53'),
(301, 26, 1, 1, '2025-10-23 10:24:53', '2025-10-23 10:24:53'),
(302, 26, 2, 1, '2025-10-23 10:24:53', '2025-10-23 10:24:53'),
(303, 26, 3, 1, '2025-10-23 10:24:53', '2025-10-23 10:24:53'),
(304, 26, 4, 1, '2025-10-23 10:24:53', '2025-10-23 10:24:53'),
(305, 26, 5, 1, '2025-10-23 10:24:53', '2025-10-23 10:24:53'),
(306, 26, 6, 1, '2025-10-23 10:24:53', '2025-10-23 10:24:53'),
(307, 26, 7, 1, '2025-10-23 10:24:54', '2025-10-23 10:24:54'),
(308, 26, 8, 1, '2025-10-23 10:24:54', '2025-10-23 10:24:54'),
(309, 26, 9, 1, '2025-10-23 10:24:54', '2025-10-23 10:24:54'),
(310, 26, 10, 1, '2025-10-23 10:24:54', '2025-10-23 10:24:54'),
(311, 26, 11, 1, '2025-10-23 10:24:54', '2025-10-23 10:24:54'),
(312, 26, 12, 1, '2025-10-23 10:24:54', '2025-10-23 10:24:54'),
(313, 27, 1, 1, '2025-10-23 10:24:54', '2025-10-23 10:24:54'),
(314, 27, 2, 1, '2025-10-23 10:24:54', '2025-10-23 10:24:54'),
(315, 27, 3, 1, '2025-10-23 10:24:54', '2025-10-23 10:24:54'),
(316, 27, 4, 1, '2025-10-23 10:24:54', '2025-10-23 10:24:54'),
(317, 27, 5, 1, '2025-10-23 10:24:54', '2025-10-23 10:24:54'),
(318, 27, 6, 1, '2025-10-23 10:24:54', '2025-10-23 10:24:54'),
(319, 27, 7, 1, '2025-10-23 10:24:54', '2025-10-23 10:24:54'),
(320, 27, 8, 1, '2025-10-23 10:24:54', '2025-10-23 10:24:54'),
(321, 27, 9, 1, '2025-10-23 10:24:54', '2025-10-23 10:24:54'),
(322, 27, 10, 1, '2025-10-23 10:24:54', '2025-10-23 10:24:54'),
(323, 27, 11, 1, '2025-10-23 10:24:54', '2025-10-23 10:24:54'),
(324, 27, 12, 1, '2025-10-23 10:24:54', '2025-10-23 10:24:54'),
(517, 28, 1, 1, '2025-10-29 23:53:28', '2025-10-29 23:53:28'),
(518, 28, 5, 1, '2025-10-29 23:53:28', '2025-10-29 23:53:28'),
(519, 28, 6, 1, '2025-10-29 23:53:29', '2025-10-29 23:53:29'),
(520, 28, 7, 1, '2025-10-29 23:53:29', '2025-10-29 23:53:29'),
(521, 29, 1, 1, '2025-10-29 23:53:29', '2025-10-29 23:53:29'),
(522, 29, 5, 1, '2025-10-29 23:53:29', '2025-10-29 23:53:29'),
(523, 29, 6, 1, '2025-10-29 23:53:29', '2025-10-29 23:53:29'),
(524, 29, 7, 1, '2025-10-29 23:53:29', '2025-10-29 23:53:29'),
(525, 30, 1, 1, '2025-10-29 23:53:29', '2025-10-29 23:53:29'),
(526, 30, 5, 1, '2025-10-29 23:53:29', '2025-10-29 23:53:29'),
(527, 30, 6, 1, '2025-10-29 23:53:29', '2025-10-29 23:53:29'),
(528, 30, 7, 1, '2025-10-29 23:53:29', '2025-10-29 23:53:29'),
(529, 31, 1, 1, '2025-10-29 23:53:29', '2025-10-29 23:53:29'),
(530, 31, 5, 1, '2025-10-29 23:53:29', '2025-10-29 23:53:29'),
(531, 31, 6, 1, '2025-10-29 23:53:29', '2025-10-29 23:53:29'),
(532, 31, 7, 1, '2025-10-29 23:53:29', '2025-10-29 23:53:29'),
(533, 32, 1, 1, '2025-10-29 23:53:29', '2025-10-29 23:53:29'),
(534, 32, 5, 1, '2025-10-29 23:53:29', '2025-10-29 23:53:29'),
(535, 32, 6, 1, '2025-10-29 23:53:29', '2025-10-29 23:53:29'),
(536, 32, 7, 1, '2025-10-29 23:53:29', '2025-10-29 23:53:29'),
(537, 33, 1, 1, '2025-10-29 23:53:29', '2025-10-29 23:53:29'),
(538, 33, 5, 1, '2025-10-29 23:53:29', '2025-10-29 23:53:29'),
(539, 33, 6, 1, '2025-10-29 23:53:29', '2025-10-29 23:53:29'),
(540, 33, 7, 1, '2025-10-29 23:53:29', '2025-10-29 23:53:29'),
(541, 34, 1, 1, '2025-10-29 23:53:29', '2025-10-29 23:53:29'),
(542, 34, 5, 1, '2025-10-29 23:53:29', '2025-10-29 23:53:29'),
(543, 34, 6, 1, '2025-10-29 23:53:29', '2025-10-29 23:53:29'),
(544, 34, 7, 1, '2025-10-29 23:53:29', '2025-10-29 23:53:29'),
(545, 35, 1, 1, '2025-10-29 23:53:29', '2025-10-29 23:53:29'),
(546, 35, 5, 1, '2025-10-29 23:53:29', '2025-10-29 23:53:29'),
(547, 35, 6, 1, '2025-10-29 23:53:29', '2025-10-29 23:53:29'),
(548, 35, 7, 1, '2025-10-29 23:53:29', '2025-10-29 23:53:29'),
(549, 36, 1, 1, '2025-10-29 23:53:29', '2025-10-29 23:53:29'),
(550, 36, 5, 1, '2025-10-29 23:53:29', '2025-10-29 23:53:29'),
(551, 36, 6, 1, '2025-10-29 23:53:29', '2025-10-29 23:53:29'),
(552, 36, 7, 1, '2025-10-29 23:53:29', '2025-10-29 23:53:29'),
(553, 37, 1, 1, '2025-10-29 23:53:29', '2025-10-29 23:53:29'),
(554, 37, 5, 1, '2025-10-29 23:53:29', '2025-10-29 23:53:29'),
(555, 37, 6, 1, '2025-10-29 23:53:29', '2025-10-29 23:53:29'),
(556, 37, 7, 1, '2025-10-29 23:53:29', '2025-10-29 23:53:29'),
(557, 38, 1, 1, '2025-10-29 23:53:29', '2025-10-29 23:53:29'),
(558, 38, 5, 1, '2025-10-29 23:53:29', '2025-10-29 23:53:29'),
(559, 38, 6, 1, '2025-10-29 23:53:29', '2025-10-29 23:53:29'),
(560, 38, 7, 1, '2025-10-29 23:53:29', '2025-10-29 23:53:29'),
(561, 39, 1, 1, '2025-10-29 23:53:29', '2025-10-29 23:53:29'),
(562, 39, 5, 1, '2025-10-29 23:53:29', '2025-10-29 23:53:29'),
(563, 39, 6, 1, '2025-10-29 23:53:29', '2025-10-29 23:53:29'),
(564, 39, 7, 1, '2025-10-29 23:53:29', '2025-10-29 23:53:29'),
(565, 40, 1, 1, '2025-10-29 23:53:29', '2025-10-29 23:53:29'),
(566, 40, 5, 1, '2025-10-29 23:53:29', '2025-10-29 23:53:29'),
(567, 40, 6, 1, '2025-10-29 23:53:29', '2025-10-29 23:53:29'),
(568, 40, 7, 1, '2025-10-29 23:53:29', '2025-10-29 23:53:29'),
(569, 41, 1, 1, '2025-10-29 23:53:29', '2025-10-29 23:53:29'),
(570, 41, 5, 1, '2025-10-29 23:53:29', '2025-10-29 23:53:29'),
(571, 41, 6, 1, '2025-10-29 23:53:29', '2025-10-29 23:53:29'),
(572, 41, 7, 1, '2025-10-29 23:53:30', '2025-10-29 23:53:30'),
(573, 42, 1, 1, '2025-10-29 23:53:30', '2025-10-29 23:53:30'),
(574, 42, 5, 1, '2025-10-29 23:53:30', '2025-10-29 23:53:30'),
(575, 42, 6, 1, '2025-10-29 23:53:30', '2025-10-29 23:53:30'),
(576, 42, 7, 1, '2025-10-29 23:53:30', '2025-10-29 23:53:30'),
(577, 43, 1, 1, '2025-10-29 23:53:30', '2025-10-29 23:53:30'),
(578, 43, 5, 1, '2025-10-29 23:53:30', '2025-10-29 23:53:30'),
(579, 43, 6, 1, '2025-10-29 23:53:30', '2025-10-29 23:53:30'),
(580, 43, 7, 1, '2025-10-29 23:53:30', '2025-10-29 23:53:30'),
(605, 47, 1, 1, '2025-12-12 13:45:32', '2025-12-12 13:45:32'),
(606, 47, 2, 1, '2025-12-12 13:45:32', '2025-12-12 13:45:32'),
(607, 47, 3, 1, '2025-12-12 13:45:32', '2025-12-12 13:45:32'),
(608, 47, 4, 1, '2025-12-12 13:45:32', '2025-12-12 13:45:32'),
(609, 47, 5, 1, '2025-12-12 13:45:32', '2025-12-12 13:45:32'),
(610, 47, 6, 1, '2025-12-12 13:45:33', '2025-12-12 13:45:33'),
(611, 47, 7, 1, '2025-12-12 13:45:33', '2025-12-12 13:45:33'),
(612, 47, 8, 1, '2025-12-12 13:45:33', '2025-12-12 13:45:33'),
(613, 47, 9, 1, '2025-12-12 13:45:33', '2025-12-12 13:45:33'),
(614, 47, 10, 1, '2025-12-12 13:45:33', '2025-12-12 13:45:33'),
(615, 47, 11, 1, '2025-12-12 13:45:33', '2025-12-12 13:45:33'),
(616, 47, 12, 1, '2025-12-12 13:45:33', '2025-12-12 13:45:33'),
(617, 48, 1, 1, '2025-12-12 13:46:15', '2025-12-12 13:46:15'),
(618, 48, 2, 1, '2025-12-12 13:46:15', '2025-12-12 13:46:15'),
(619, 48, 3, 1, '2025-12-12 13:46:15', '2025-12-12 13:46:15'),
(620, 48, 4, 1, '2025-12-12 13:46:15', '2025-12-12 13:46:15'),
(621, 48, 5, 1, '2025-12-12 13:46:15', '2025-12-12 13:46:15'),
(622, 48, 6, 1, '2025-12-12 13:46:15', '2025-12-12 13:46:15'),
(623, 48, 7, 1, '2025-12-12 13:46:15', '2025-12-12 13:46:15'),
(624, 48, 8, 1, '2025-12-12 13:46:15', '2025-12-12 13:46:15'),
(625, 48, 9, 1, '2025-12-12 13:46:15', '2025-12-12 13:46:15'),
(626, 48, 10, 1, '2025-12-12 13:46:15', '2025-12-12 13:46:15'),
(627, 48, 11, 1, '2025-12-12 13:46:15', '2025-12-12 13:46:15'),
(628, 48, 12, 1, '2025-12-12 13:46:15', '2025-12-12 13:46:15'),
(629, 49, 1, 1, '2025-12-12 13:47:04', '2025-12-12 13:47:04'),
(630, 49, 2, 1, '2025-12-12 13:47:04', '2025-12-12 13:47:04'),
(631, 49, 3, 1, '2025-12-12 13:47:04', '2025-12-12 13:47:04'),
(632, 49, 4, 1, '2025-12-12 13:47:04', '2025-12-12 13:47:04'),
(633, 49, 5, 1, '2025-12-12 13:47:04', '2025-12-12 13:47:04'),
(634, 49, 6, 1, '2025-12-12 13:47:04', '2025-12-12 13:47:04'),
(635, 49, 7, 1, '2025-12-12 13:47:04', '2025-12-12 13:47:04'),
(636, 49, 8, 1, '2025-12-12 13:47:04', '2025-12-12 13:47:04'),
(637, 49, 9, 1, '2025-12-12 13:47:04', '2025-12-12 13:47:04'),
(638, 49, 10, 1, '2025-12-12 13:47:04', '2025-12-12 13:47:04'),
(639, 49, 11, 1, '2025-12-12 13:47:04', '2025-12-12 13:47:04'),
(640, 49, 12, 1, '2025-12-12 13:47:04', '2025-12-12 13:47:04'),
(641, 50, 1, 1, '2025-12-12 13:47:30', '2025-12-12 13:47:30'),
(642, 50, 2, 1, '2025-12-12 13:47:31', '2025-12-12 13:47:31'),
(643, 50, 3, 1, '2025-12-12 13:47:31', '2025-12-12 13:47:31'),
(644, 50, 4, 1, '2025-12-12 13:47:31', '2025-12-12 13:47:31'),
(645, 50, 5, 1, '2025-12-12 13:47:31', '2025-12-12 13:47:31'),
(646, 50, 6, 1, '2025-12-12 13:47:31', '2025-12-12 13:47:31'),
(647, 50, 7, 1, '2025-12-12 13:47:31', '2025-12-12 13:47:31'),
(648, 50, 8, 1, '2025-12-12 13:47:31', '2025-12-12 13:47:31'),
(649, 50, 9, 1, '2025-12-12 13:47:31', '2025-12-12 13:47:31'),
(650, 50, 10, 1, '2025-12-12 13:47:31', '2025-12-12 13:47:31'),
(651, 50, 11, 1, '2025-12-12 13:47:31', '2025-12-12 13:47:31'),
(652, 50, 12, 1, '2025-12-12 13:47:31', '2025-12-12 13:47:31'),
(653, 51, 1, 1, '2025-12-25 16:06:57', '2025-12-25 16:06:57'),
(654, 51, 2, 1, '2025-12-25 16:06:57', '2025-12-25 16:06:57'),
(655, 51, 3, 1, '2025-12-25 16:06:57', '2025-12-25 16:06:57'),
(656, 51, 4, 1, '2025-12-25 16:06:57', '2025-12-25 16:06:57'),
(657, 51, 5, 1, '2025-12-25 16:06:57', '2025-12-25 16:06:57'),
(658, 51, 6, 1, '2025-12-25 16:06:57', '2025-12-25 16:06:57'),
(659, 51, 7, 1, '2025-12-25 16:06:57', '2025-12-25 16:06:57'),
(660, 51, 8, 1, '2025-12-25 16:06:57', '2025-12-25 16:06:57'),
(661, 51, 9, 1, '2025-12-25 16:06:57', '2025-12-25 16:06:57'),
(662, 51, 10, 1, '2025-12-25 16:06:57', '2025-12-25 16:06:57'),
(663, 51, 11, 1, '2025-12-25 16:06:57', '2025-12-25 16:06:57'),
(664, 51, 12, 1, '2025-12-25 16:06:57', '2025-12-25 16:06:57'),
(665, 52, 1, 1, '2025-12-26 05:23:21', '2025-12-26 05:23:21'),
(666, 52, 2, 1, '2025-12-26 05:23:21', '2025-12-26 05:23:21'),
(667, 52, 3, 1, '2025-12-26 05:23:21', '2025-12-26 05:23:21'),
(668, 52, 4, 1, '2025-12-26 05:23:21', '2025-12-26 05:23:21'),
(669, 52, 5, 1, '2025-12-26 05:23:21', '2025-12-26 05:23:21'),
(670, 52, 6, 1, '2025-12-26 05:23:21', '2025-12-26 05:23:21'),
(671, 52, 7, 1, '2025-12-26 05:23:21', '2025-12-26 05:23:21'),
(672, 52, 8, 1, '2025-12-26 05:23:21', '2025-12-26 05:23:21'),
(673, 52, 9, 1, '2025-12-26 05:23:21', '2025-12-26 05:23:21'),
(674, 52, 10, 1, '2025-12-26 05:23:21', '2025-12-26 05:23:21'),
(675, 52, 11, 1, '2025-12-26 05:23:21', '2025-12-26 05:23:21'),
(676, 52, 12, 1, '2025-12-26 05:23:21', '2025-12-26 05:23:21');

-- --------------------------------------------------------

--
-- Table structure for table `market_schedules`
--

CREATE TABLE `market_schedules` (
  `id` bigint(20) UNSIGNED NOT NULL,
  `market_id` bigint(20) UNSIGNED NOT NULL,
  `weekday` enum('mon','tue','wed','thu','fri','sat','sun') NOT NULL,
  `is_open` tinyint(1) NOT NULL DEFAULT 1,
  `open_time` time DEFAULT NULL,
  `close_time` time DEFAULT NULL,
  `created_at` timestamp NULL DEFAULT current_timestamp(),
  `updated_at` timestamp NULL DEFAULT current_timestamp() ON UPDATE current_timestamp()
) ENGINE=InnoDB DEFAULT CHARSET=utf8mb4 COLLATE=utf8mb4_general_ci;

--
-- Dumping data for table `market_schedules`
--

INSERT INTO `market_schedules` (`id`, `market_id`, `weekday`, `is_open`, `open_time`, `close_time`, `created_at`, `updated_at`) VALUES
(1, 1, 'mon', 1, '11:02:00', '23:02:00', '2025-11-30 05:27:32', '2026-01-01 12:38:29'),
(2, 2, 'mon', 1, NULL, NULL, '2025-11-30 05:27:32', '2025-11-30 05:27:32'),
(3, 3, 'mon', 1, NULL, NULL, '2025-11-30 05:27:32', '2025-11-30 05:27:32'),
(4, 4, 'mon', 1, NULL, NULL, '2025-11-30 05:27:32', '2025-11-30 05:27:32'),
(5, 5, 'mon', 1, NULL, NULL, '2025-11-30 05:27:32', '2025-11-30 05:27:32'),
(6, 6, 'mon', 1, NULL, NULL, '2025-11-30 05:27:32', '2025-11-30 05:27:32'),
(7, 7, 'mon', 1, NULL, NULL, '2025-11-30 05:27:32', '2025-11-30 05:27:32'),
(8, 8, 'mon', 1, NULL, NULL, '2025-11-30 05:27:32', '2025-11-30 05:27:32'),
(9, 9, 'mon', 1, NULL, NULL, '2025-11-30 05:27:32', '2025-11-30 05:27:32'),
(10, 10, 'mon', 1, NULL, NULL, '2025-11-30 05:27:32', '2025-11-30 05:27:32'),
(11, 11, 'mon', 1, NULL, NULL, '2025-11-30 05:27:32', '2025-11-30 05:27:32'),
(12, 12, 'mon', 1, NULL, NULL, '2025-11-30 05:27:32', '2025-11-30 05:27:32'),
(13, 13, 'mon', 1, NULL, NULL, '2025-11-30 05:27:32', '2025-11-30 05:27:32'),
(14, 14, 'mon', 1, NULL, NULL, '2025-11-30 05:27:32', '2025-11-30 05:27:32'),
(15, 15, 'mon', 1, NULL, NULL, '2025-11-30 05:27:32', '2025-11-30 05:27:32'),
(16, 16, 'mon', 1, NULL, NULL, '2025-11-30 05:27:32', '2025-11-30 05:27:32'),
(17, 17, 'mon', 1, NULL, NULL, '2025-11-30 05:27:32', '2025-11-30 05:27:32'),
(18, 18, 'mon', 1, NULL, NULL, '2025-11-30 05:27:32', '2025-11-30 05:27:32'),
(19, 19, 'mon', 1, NULL, NULL, '2025-11-30 05:27:32', '2025-11-30 05:27:32'),
(20, 20, 'mon', 1, NULL, NULL, '2025-11-30 05:27:32', '2025-11-30 05:27:32'),
(21, 21, 'mon', 1, NULL, NULL, '2025-11-30 05:27:32', '2025-11-30 05:27:32'),
(22, 22, 'mon', 1, NULL, NULL, '2025-11-30 05:27:32', '2025-11-30 05:27:32'),
(23, 23, 'mon', 1, NULL, NULL, '2025-11-30 05:27:32', '2025-11-30 05:27:32'),
(24, 24, 'mon', 1, NULL, NULL, '2025-11-30 05:27:32', '2025-11-30 05:27:32'),
(25, 25, 'mon', 1, NULL, NULL, '2025-11-30 05:27:32', '2025-11-30 05:27:32'),
(26, 26, 'mon', 1, NULL, NULL, '2025-11-30 05:27:32', '2025-11-30 05:27:32'),
(27, 27, 'mon', 1, NULL, NULL, '2025-11-30 05:27:32', '2025-11-30 05:27:32'),
(28, 28, 'mon', 1, NULL, NULL, '2025-11-30 05:27:32', '2025-11-30 05:27:32'),
(29, 29, 'mon', 1, NULL, NULL, '2025-11-30 05:27:32', '2025-11-30 05:27:32'),
(30, 30, 'mon', 1, NULL, NULL, '2025-11-30 05:27:32', '2025-11-30 05:27:32'),
(31, 31, 'mon', 1, NULL, NULL, '2025-11-30 05:27:32', '2025-11-30 05:27:32'),
(32, 32, 'mon', 1, NULL, NULL, '2025-11-30 05:27:32', '2025-11-30 05:27:32'),
(33, 33, 'mon', 1, NULL, NULL, '2025-11-30 05:27:32', '2025-11-30 05:27:32'),
(34, 34, 'mon', 1, NULL, NULL, '2025-11-30 05:27:32', '2025-11-30 05:27:32'),
(35, 35, 'mon', 1, NULL, NULL, '2025-11-30 05:27:32', '2025-11-30 05:27:32'),
(36, 36, 'mon', 1, NULL, NULL, '2025-11-30 05:27:32', '2025-11-30 05:27:32'),
(37, 37, 'mon', 1, NULL, NULL, '2025-11-30 05:27:32', '2025-11-30 05:27:32'),
(38, 38, 'mon', 1, NULL, NULL, '2025-11-30 05:27:32', '2025-11-30 05:27:32'),
(39, 39, 'mon', 1, NULL, NULL, '2025-11-30 05:27:32', '2025-11-30 05:27:32'),
(40, 40, 'mon', 1, NULL, NULL, '2025-11-30 05:27:32', '2025-11-30 05:27:32'),
(41, 41, 'mon', 1, NULL, NULL, '2025-11-30 05:27:32', '2025-11-30 05:27:32'),
(42, 42, 'mon', 1, NULL, NULL, '2025-11-30 05:27:32', '2025-11-30 05:27:32'),
(43, 43, 'mon', 1, NULL, NULL, '2025-11-30 05:27:32', '2025-11-30 05:27:32'),
(44, 1, 'tue', 1, '11:02:00', '23:02:00', '2025-11-30 05:27:32', '2026-01-01 12:38:29'),
(45, 2, 'tue', 1, NULL, NULL, '2025-11-30 05:27:32', '2025-11-30 05:27:32'),
(46, 3, 'tue', 1, NULL, NULL, '2025-11-30 05:27:32', '2025-11-30 05:27:32'),
(47, 4, 'tue', 1, NULL, NULL, '2025-11-30 05:27:32', '2025-11-30 05:27:32'),
(48, 5, 'tue', 1, NULL, NULL, '2025-11-30 05:27:32', '2025-11-30 05:27:32'),
(49, 6, 'tue', 1, NULL, NULL, '2025-11-30 05:27:32', '2025-11-30 05:27:32'),
(50, 7, 'tue', 1, NULL, NULL, '2025-11-30 05:27:32', '2025-11-30 05:27:32'),
(51, 8, 'tue', 1, NULL, NULL, '2025-11-30 05:27:32', '2025-11-30 05:27:32'),
(52, 9, 'tue', 1, NULL, NULL, '2025-11-30 05:27:32', '2025-11-30 05:27:32'),
(53, 10, 'tue', 1, NULL, NULL, '2025-11-30 05:27:32', '2025-11-30 05:27:32'),
(54, 11, 'tue', 1, NULL, NULL, '2025-11-30 05:27:32', '2025-11-30 05:27:32'),
(55, 12, 'tue', 1, NULL, NULL, '2025-11-30 05:27:32', '2025-11-30 05:27:32'),
(56, 13, 'tue', 1, NULL, NULL, '2025-11-30 05:27:32', '2025-11-30 05:27:32'),
(57, 14, 'tue', 1, NULL, NULL, '2025-11-30 05:27:32', '2025-11-30 05:27:32'),
(58, 15, 'tue', 1, NULL, NULL, '2025-11-30 05:27:32', '2025-11-30 05:27:32'),
(59, 16, 'tue', 1, NULL, NULL, '2025-11-30 05:27:32', '2025-11-30 05:27:32'),
(60, 17, 'tue', 1, NULL, NULL, '2025-11-30 05:27:32', '2025-11-30 05:27:32'),
(61, 18, 'tue', 1, NULL, NULL, '2025-11-30 05:27:32', '2025-11-30 05:27:32'),
(62, 19, 'tue', 1, NULL, NULL, '2025-11-30 05:27:32', '2025-11-30 05:27:32'),
(63, 20, 'tue', 1, NULL, NULL, '2025-11-30 05:27:32', '2025-11-30 05:27:32'),
(64, 21, 'tue', 1, NULL, NULL, '2025-11-30 05:27:32', '2025-11-30 05:27:32'),
(65, 22, 'tue', 1, NULL, NULL, '2025-11-30 05:27:32', '2025-11-30 05:27:32'),
(66, 23, 'tue', 1, NULL, NULL, '2025-11-30 05:27:32', '2025-11-30 05:27:32'),
(67, 24, 'tue', 1, NULL, NULL, '2025-11-30 05:27:32', '2025-11-30 05:27:32'),
(68, 25, 'tue', 1, NULL, NULL, '2025-11-30 05:27:32', '2025-11-30 05:27:32'),
(69, 26, 'tue', 1, NULL, NULL, '2025-11-30 05:27:32', '2025-11-30 05:27:32'),
(70, 27, 'tue', 1, NULL, NULL, '2025-11-30 05:27:32', '2025-11-30 05:27:32'),
(71, 28, 'tue', 1, NULL, NULL, '2025-11-30 05:27:32', '2025-11-30 05:27:32'),
(72, 29, 'tue', 1, NULL, NULL, '2025-11-30 05:27:32', '2025-11-30 05:27:32'),
(73, 30, 'tue', 1, NULL, NULL, '2025-11-30 05:27:32', '2025-11-30 05:27:32'),
(74, 31, 'tue', 1, NULL, NULL, '2025-11-30 05:27:32', '2025-11-30 05:27:32'),
(75, 32, 'tue', 1, NULL, NULL, '2025-11-30 05:27:32', '2025-11-30 05:27:32'),
(76, 33, 'tue', 1, NULL, NULL, '2025-11-30 05:27:32', '2025-11-30 05:27:32'),
(77, 34, 'tue', 1, NULL, NULL, '2025-11-30 05:27:32', '2025-11-30 05:27:32'),
(78, 35, 'tue', 1, NULL, NULL, '2025-11-30 05:27:32', '2025-11-30 05:27:32'),
(79, 36, 'tue', 1, NULL, NULL, '2025-11-30 05:27:32', '2025-11-30 05:27:32'),
(80, 37, 'tue', 1, NULL, NULL, '2025-11-30 05:27:32', '2025-11-30 05:27:32'),
(81, 38, 'tue', 1, NULL, NULL, '2025-11-30 05:27:32', '2025-11-30 05:27:32'),
(82, 39, 'tue', 1, NULL, NULL, '2025-11-30 05:27:32', '2025-11-30 05:27:32'),
(83, 40, 'tue', 1, NULL, NULL, '2025-11-30 05:27:32', '2025-11-30 05:27:32'),
(84, 41, 'tue', 1, NULL, NULL, '2025-11-30 05:27:32', '2025-11-30 05:27:32'),
(85, 42, 'tue', 1, NULL, NULL, '2025-11-30 05:27:32', '2025-11-30 05:27:32'),
(86, 43, 'tue', 1, NULL, NULL, '2025-11-30 05:27:32', '2025-11-30 05:27:32'),
(87, 1, 'wed', 1, '11:02:00', '23:02:00', '2025-11-30 05:27:32', '2026-01-01 12:38:29'),
(88, 2, 'wed', 1, NULL, NULL, '2025-11-30 05:27:32', '2025-11-30 05:27:32'),
(89, 3, 'wed', 1, NULL, NULL, '2025-11-30 05:27:32', '2025-11-30 05:27:32'),
(90, 4, 'wed', 1, NULL, NULL, '2025-11-30 05:27:32', '2025-11-30 05:27:32'),
(91, 5, 'wed', 1, NULL, NULL, '2025-11-30 05:27:32', '2025-11-30 05:27:32'),
(92, 6, 'wed', 1, NULL, NULL, '2025-11-30 05:27:32', '2025-11-30 05:27:32'),
(93, 7, 'wed', 1, NULL, NULL, '2025-11-30 05:27:32', '2025-11-30 05:27:32'),
(94, 8, 'wed', 1, NULL, NULL, '2025-11-30 05:27:32', '2025-11-30 05:27:32'),
(95, 9, 'wed', 1, NULL, NULL, '2025-11-30 05:27:32', '2025-11-30 05:27:32'),
(96, 10, 'wed', 1, NULL, NULL, '2025-11-30 05:27:32', '2025-11-30 05:27:32'),
(97, 11, 'wed', 1, NULL, NULL, '2025-11-30 05:27:32', '2025-11-30 05:27:32'),
(98, 12, 'wed', 1, NULL, NULL, '2025-11-30 05:27:32', '2025-11-30 05:27:32'),
(99, 13, 'wed', 1, NULL, NULL, '2025-11-30 05:27:32', '2025-11-30 05:27:32'),
(100, 14, 'wed', 1, NULL, NULL, '2025-11-30 05:27:32', '2025-11-30 05:27:32'),
(101, 15, 'wed', 1, NULL, NULL, '2025-11-30 05:27:32', '2025-11-30 05:27:32'),
(102, 16, 'wed', 1, NULL, NULL, '2025-11-30 05:27:32', '2025-11-30 05:27:32'),
(103, 17, 'wed', 1, NULL, NULL, '2025-11-30 05:27:32', '2025-11-30 05:27:32'),
(104, 18, 'wed', 1, NULL, NULL, '2025-11-30 05:27:32', '2025-11-30 05:27:32'),
(105, 19, 'wed', 1, NULL, NULL, '2025-11-30 05:27:32', '2025-11-30 05:27:32'),
(106, 20, 'wed', 1, NULL, NULL, '2025-11-30 05:27:32', '2025-11-30 05:27:32'),
(107, 21, 'wed', 1, NULL, NULL, '2025-11-30 05:27:32', '2025-11-30 05:27:32'),
(108, 22, 'wed', 1, NULL, NULL, '2025-11-30 05:27:32', '2025-11-30 05:27:32'),
(109, 23, 'wed', 1, NULL, NULL, '2025-11-30 05:27:32', '2025-11-30 05:27:32'),
(110, 24, 'wed', 1, NULL, NULL, '2025-11-30 05:27:32', '2025-11-30 05:27:32'),
(111, 25, 'wed', 1, NULL, NULL, '2025-11-30 05:27:32', '2025-11-30 05:27:32'),
(112, 26, 'wed', 1, NULL, NULL, '2025-11-30 05:27:32', '2025-11-30 05:27:32'),
(113, 27, 'wed', 1, NULL, NULL, '2025-11-30 05:27:32', '2025-11-30 05:27:32'),
(114, 28, 'wed', 1, NULL, NULL, '2025-11-30 05:27:32', '2025-11-30 05:27:32'),
(115, 29, 'wed', 1, NULL, NULL, '2025-11-30 05:27:32', '2025-11-30 05:27:32'),
(116, 30, 'wed', 1, NULL, NULL, '2025-11-30 05:27:32', '2025-11-30 05:27:32'),
(117, 31, 'wed', 1, NULL, NULL, '2025-11-30 05:27:32', '2025-11-30 05:27:32'),
(118, 32, 'wed', 1, NULL, NULL, '2025-11-30 05:27:32', '2025-11-30 05:27:32'),
(119, 33, 'wed', 1, NULL, NULL, '2025-11-30 05:27:32', '2025-11-30 05:27:32'),
(120, 34, 'wed', 1, NULL, NULL, '2025-11-30 05:27:32', '2025-11-30 05:27:32'),
(121, 35, 'wed', 1, NULL, NULL, '2025-11-30 05:27:32', '2025-11-30 05:27:32'),
(122, 36, 'wed', 1, NULL, NULL, '2025-11-30 05:27:32', '2025-11-30 05:27:32'),
(123, 37, 'wed', 1, NULL, NULL, '2025-11-30 05:27:32', '2025-11-30 05:27:32'),
(124, 38, 'wed', 1, NULL, NULL, '2025-11-30 05:27:32', '2025-11-30 05:27:32'),
(125, 39, 'wed', 1, NULL, NULL, '2025-11-30 05:27:32', '2025-11-30 05:27:32'),
(126, 40, 'wed', 1, NULL, NULL, '2025-11-30 05:27:32', '2025-11-30 05:27:32'),
(127, 41, 'wed', 1, NULL, NULL, '2025-11-30 05:27:32', '2025-11-30 05:27:32'),
(128, 42, 'wed', 1, NULL, NULL, '2025-11-30 05:27:32', '2025-11-30 05:27:32'),
(129, 43, 'wed', 1, NULL, NULL, '2025-11-30 05:27:32', '2025-11-30 05:27:32'),
(130, 1, 'thu', 1, '11:02:00', '23:02:00', '2025-11-30 05:27:32', '2026-01-01 12:38:29'),
(131, 2, 'thu', 1, NULL, NULL, '2025-11-30 05:27:32', '2025-11-30 05:27:32'),
(132, 3, 'thu', 1, NULL, NULL, '2025-11-30 05:27:32', '2025-11-30 05:27:32'),
(133, 4, 'thu', 1, NULL, NULL, '2025-11-30 05:27:32', '2025-11-30 05:27:32'),
(134, 5, 'thu', 1, NULL, NULL, '2025-11-30 05:27:32', '2025-11-30 05:27:32'),
(135, 6, 'thu', 1, NULL, NULL, '2025-11-30 05:27:32', '2025-11-30 05:27:32'),
(136, 7, 'thu', 1, NULL, NULL, '2025-11-30 05:27:32', '2025-11-30 05:27:32'),
(137, 8, 'thu', 1, NULL, NULL, '2025-11-30 05:27:32', '2025-11-30 05:27:32'),
(138, 9, 'thu', 1, NULL, NULL, '2025-11-30 05:27:32', '2025-11-30 05:27:32'),
(139, 10, 'thu', 1, NULL, NULL, '2025-11-30 05:27:32', '2025-11-30 05:27:32'),
(140, 11, 'thu', 1, NULL, NULL, '2025-11-30 05:27:32', '2025-11-30 05:27:32'),
(141, 12, 'thu', 1, NULL, NULL, '2025-11-30 05:27:32', '2025-11-30 05:27:32'),
(142, 13, 'thu', 1, NULL, NULL, '2025-11-30 05:27:32', '2025-11-30 05:27:32'),
(143, 14, 'thu', 1, NULL, NULL, '2025-11-30 05:27:32', '2025-11-30 05:27:32'),
(144, 15, 'thu', 1, NULL, NULL, '2025-11-30 05:27:32', '2025-11-30 05:27:32'),
(145, 16, 'thu', 1, NULL, NULL, '2025-11-30 05:27:32', '2025-11-30 05:27:32'),
(146, 17, 'thu', 1, NULL, NULL, '2025-11-30 05:27:32', '2025-11-30 05:27:32'),
(147, 18, 'thu', 1, NULL, NULL, '2025-11-30 05:27:32', '2025-11-30 05:27:32'),
(148, 19, 'thu', 1, NULL, NULL, '2025-11-30 05:27:32', '2025-11-30 05:27:32'),
(149, 20, 'thu', 1, NULL, NULL, '2025-11-30 05:27:32', '2025-11-30 05:27:32'),
(150, 21, 'thu', 1, NULL, NULL, '2025-11-30 05:27:32', '2025-11-30 05:27:32'),
(151, 22, 'thu', 1, NULL, NULL, '2025-11-30 05:27:32', '2025-11-30 05:27:32'),
(152, 23, 'thu', 1, NULL, NULL, '2025-11-30 05:27:32', '2025-11-30 05:27:32'),
(153, 24, 'thu', 1, NULL, NULL, '2025-11-30 05:27:32', '2025-11-30 05:27:32'),
(154, 25, 'thu', 1, NULL, NULL, '2025-11-30 05:27:32', '2025-11-30 05:27:32'),
(155, 26, 'thu', 1, NULL, NULL, '2025-11-30 05:27:32', '2025-11-30 05:27:32'),
(156, 27, 'thu', 1, NULL, NULL, '2025-11-30 05:27:32', '2025-11-30 05:27:32'),
(157, 28, 'thu', 1, NULL, NULL, '2025-11-30 05:27:32', '2025-11-30 05:27:32'),
(158, 29, 'thu', 1, NULL, NULL, '2025-11-30 05:27:32', '2025-11-30 05:27:32'),
(159, 30, 'thu', 1, NULL, NULL, '2025-11-30 05:27:32', '2025-11-30 05:27:32'),
(160, 31, 'thu', 1, NULL, NULL, '2025-11-30 05:27:32', '2025-11-30 05:27:32'),
(161, 32, 'thu', 1, NULL, NULL, '2025-11-30 05:27:32', '2025-11-30 05:27:32'),
(162, 33, 'thu', 1, NULL, NULL, '2025-11-30 05:27:32', '2025-11-30 05:27:32'),
(163, 34, 'thu', 1, NULL, NULL, '2025-11-30 05:27:32', '2025-11-30 05:27:32'),
(164, 35, 'thu', 1, NULL, NULL, '2025-11-30 05:27:32', '2025-11-30 05:27:32'),
(165, 36, 'thu', 1, NULL, NULL, '2025-11-30 05:27:32', '2025-11-30 05:27:32'),
(166, 37, 'thu', 1, NULL, NULL, '2025-11-30 05:27:32', '2025-11-30 05:27:32'),
(167, 38, 'thu', 1, NULL, NULL, '2025-11-30 05:27:32', '2025-11-30 05:27:32'),
(168, 39, 'thu', 1, NULL, NULL, '2025-11-30 05:27:32', '2025-11-30 05:27:32'),
(169, 40, 'thu', 1, NULL, NULL, '2025-11-30 05:27:32', '2025-11-30 05:27:32'),
(170, 41, 'thu', 1, NULL, NULL, '2025-11-30 05:27:32', '2025-11-30 05:27:32'),
(171, 42, 'thu', 1, NULL, NULL, '2025-11-30 05:27:32', '2025-11-30 05:27:32'),
(172, 43, 'thu', 1, NULL, NULL, '2025-11-30 05:27:32', '2025-11-30 05:27:32'),
(173, 1, 'fri', 1, '11:02:00', '23:02:00', '2025-11-30 05:27:32', '2026-01-01 12:38:29'),
(174, 2, 'fri', 1, NULL, NULL, '2025-11-30 05:27:32', '2025-11-30 05:27:32'),
(175, 3, 'fri', 1, NULL, NULL, '2025-11-30 05:27:32', '2025-11-30 05:27:32'),
(176, 4, 'fri', 1, NULL, NULL, '2025-11-30 05:27:32', '2025-11-30 05:27:32'),
(177, 5, 'fri', 1, NULL, NULL, '2025-11-30 05:27:32', '2025-11-30 05:27:32'),
(178, 6, 'fri', 1, NULL, NULL, '2025-11-30 05:27:32', '2025-11-30 05:27:32'),
(179, 7, 'fri', 1, NULL, NULL, '2025-11-30 05:27:32', '2025-11-30 05:27:32'),
(180, 8, 'fri', 1, NULL, NULL, '2025-11-30 05:27:32', '2025-11-30 05:27:32'),
(181, 9, 'fri', 1, NULL, NULL, '2025-11-30 05:27:32', '2025-11-30 05:27:32'),
(182, 10, 'fri', 1, NULL, NULL, '2025-11-30 05:27:32', '2025-11-30 05:27:32'),
(183, 11, 'fri', 1, NULL, NULL, '2025-11-30 05:27:32', '2025-11-30 05:27:32'),
(184, 12, 'fri', 1, NULL, NULL, '2025-11-30 05:27:32', '2025-11-30 05:27:32'),
(185, 13, 'fri', 1, NULL, NULL, '2025-11-30 05:27:32', '2025-11-30 05:27:32'),
(186, 14, 'fri', 1, NULL, NULL, '2025-11-30 05:27:32', '2025-11-30 05:27:32'),
(187, 15, 'fri', 1, NULL, NULL, '2025-11-30 05:27:32', '2025-11-30 05:27:32'),
(188, 16, 'fri', 1, NULL, NULL, '2025-11-30 05:27:32', '2025-11-30 05:27:32'),
(189, 17, 'fri', 1, NULL, NULL, '2025-11-30 05:27:32', '2025-11-30 05:27:32'),
(190, 18, 'fri', 1, NULL, NULL, '2025-11-30 05:27:32', '2025-11-30 05:27:32'),
(191, 19, 'fri', 1, NULL, NULL, '2025-11-30 05:27:32', '2025-11-30 05:27:32'),
(192, 20, 'fri', 1, NULL, NULL, '2025-11-30 05:27:32', '2025-11-30 05:27:32'),
(193, 21, 'fri', 1, NULL, NULL, '2025-11-30 05:27:32', '2025-11-30 05:27:32'),
(194, 22, 'fri', 1, NULL, NULL, '2025-11-30 05:27:32', '2025-11-30 05:27:32'),
(195, 23, 'fri', 1, NULL, NULL, '2025-11-30 05:27:32', '2025-11-30 05:27:32'),
(196, 24, 'fri', 1, NULL, NULL, '2025-11-30 05:27:32', '2025-11-30 05:27:32'),
(197, 25, 'fri', 1, NULL, NULL, '2025-11-30 05:27:32', '2025-11-30 05:27:32'),
(198, 26, 'fri', 1, NULL, NULL, '2025-11-30 05:27:32', '2025-11-30 05:27:32'),
(199, 27, 'fri', 1, NULL, NULL, '2025-11-30 05:27:32', '2025-11-30 05:27:32'),
(200, 28, 'fri', 1, NULL, NULL, '2025-11-30 05:27:32', '2025-11-30 05:27:32'),
(201, 29, 'fri', 1, NULL, NULL, '2025-11-30 05:27:32', '2025-11-30 05:27:32'),
(202, 30, 'fri', 1, NULL, NULL, '2025-11-30 05:27:32', '2025-11-30 05:27:32'),
(203, 31, 'fri', 1, NULL, NULL, '2025-11-30 05:27:32', '2025-11-30 05:27:32'),
(204, 32, 'fri', 1, NULL, NULL, '2025-11-30 05:27:32', '2025-11-30 05:27:32'),
(205, 33, 'fri', 1, NULL, NULL, '2025-11-30 05:27:32', '2025-11-30 05:27:32'),
(206, 34, 'fri', 1, NULL, NULL, '2025-11-30 05:27:32', '2025-11-30 05:27:32'),
(207, 35, 'fri', 1, NULL, NULL, '2025-11-30 05:27:32', '2025-11-30 05:27:32'),
(208, 36, 'fri', 1, NULL, NULL, '2025-11-30 05:27:32', '2025-11-30 05:27:32'),
(209, 37, 'fri', 1, NULL, NULL, '2025-11-30 05:27:32', '2025-11-30 05:27:32'),
(210, 38, 'fri', 1, NULL, NULL, '2025-11-30 05:27:32', '2025-11-30 05:27:32'),
(211, 39, 'fri', 1, NULL, NULL, '2025-11-30 05:27:32', '2025-11-30 05:27:32'),
(212, 40, 'fri', 1, NULL, NULL, '2025-11-30 05:27:32', '2025-11-30 05:27:32'),
(213, 41, 'fri', 1, NULL, NULL, '2025-11-30 05:27:32', '2025-11-30 05:27:32'),
(214, 42, 'fri', 1, NULL, NULL, '2025-11-30 05:27:32', '2025-11-30 05:27:32'),
(215, 43, 'fri', 1, NULL, NULL, '2025-11-30 05:27:32', '2025-11-30 05:27:32'),
(216, 1, 'sat', 1, '11:02:00', '23:02:00', '2025-11-30 05:27:32', '2026-01-01 12:38:29'),
(217, 2, 'sat', 1, NULL, NULL, '2025-11-30 05:27:32', '2025-11-30 05:27:32'),
(218, 3, 'sat', 1, NULL, NULL, '2025-11-30 05:27:32', '2025-11-30 05:27:32'),
(219, 4, 'sat', 1, NULL, NULL, '2025-11-30 05:27:32', '2025-11-30 05:27:32'),
(220, 5, 'sat', 1, NULL, NULL, '2025-11-30 05:27:32', '2025-11-30 05:27:32'),
(221, 6, 'sat', 1, NULL, NULL, '2025-11-30 05:27:32', '2025-11-30 05:27:32'),
(222, 7, 'sat', 1, NULL, NULL, '2025-11-30 05:27:32', '2025-11-30 05:27:32'),
(223, 8, 'sat', 1, NULL, NULL, '2025-11-30 05:27:32', '2025-11-30 05:27:32'),
(224, 9, 'sat', 1, NULL, NULL, '2025-11-30 05:27:32', '2025-11-30 05:27:32'),
(225, 10, 'sat', 1, NULL, NULL, '2025-11-30 05:27:32', '2025-11-30 05:27:32'),
(226, 11, 'sat', 1, NULL, NULL, '2025-11-30 05:27:32', '2025-11-30 05:27:32'),
(227, 12, 'sat', 1, NULL, NULL, '2025-11-30 05:27:32', '2025-11-30 05:27:32'),
(228, 13, 'sat', 1, NULL, NULL, '2025-11-30 05:27:32', '2025-11-30 05:27:32'),
(229, 14, 'sat', 1, NULL, NULL, '2025-11-30 05:27:32', '2025-11-30 05:27:32'),
(230, 15, 'sat', 1, NULL, NULL, '2025-11-30 05:27:32', '2025-11-30 05:27:32'),
(231, 16, 'sat', 1, NULL, NULL, '2025-11-30 05:27:32', '2025-11-30 05:27:32'),
(232, 17, 'sat', 1, NULL, NULL, '2025-11-30 05:27:32', '2025-11-30 05:27:32'),
(233, 18, 'sat', 1, NULL, NULL, '2025-11-30 05:27:32', '2025-11-30 05:27:32'),
(234, 19, 'sat', 1, NULL, NULL, '2025-11-30 05:27:32', '2025-11-30 05:27:32'),
(235, 20, 'sat', 1, NULL, NULL, '2025-11-30 05:27:32', '2025-11-30 05:27:32'),
(236, 21, 'sat', 1, NULL, NULL, '2025-11-30 05:27:32', '2025-11-30 05:27:32'),
(237, 22, 'sat', 1, NULL, NULL, '2025-11-30 05:27:32', '2025-11-30 05:27:32'),
(238, 23, 'sat', 1, NULL, NULL, '2025-11-30 05:27:32', '2025-11-30 05:27:32'),
(239, 24, 'sat', 1, NULL, NULL, '2025-11-30 05:27:32', '2025-11-30 05:27:32'),
(240, 25, 'sat', 1, NULL, NULL, '2025-11-30 05:27:32', '2025-11-30 05:27:32'),
(241, 26, 'sat', 1, NULL, NULL, '2025-11-30 05:27:32', '2025-11-30 05:27:32'),
(242, 27, 'sat', 1, NULL, NULL, '2025-11-30 05:27:32', '2025-11-30 05:27:32'),
(243, 28, 'sat', 1, NULL, NULL, '2025-11-30 05:27:32', '2025-11-30 05:27:32'),
(244, 29, 'sat', 1, NULL, NULL, '2025-11-30 05:27:32', '2025-11-30 05:27:32'),
(245, 30, 'sat', 1, NULL, NULL, '2025-11-30 05:27:32', '2025-11-30 05:27:32'),
(246, 31, 'sat', 1, NULL, NULL, '2025-11-30 05:27:32', '2025-11-30 05:27:32'),
(247, 32, 'sat', 1, NULL, NULL, '2025-11-30 05:27:32', '2025-11-30 05:27:32'),
(248, 33, 'sat', 1, NULL, NULL, '2025-11-30 05:27:32', '2025-11-30 05:27:32'),
(249, 34, 'sat', 1, NULL, NULL, '2025-11-30 05:27:32', '2025-11-30 05:27:32'),
(250, 35, 'sat', 1, NULL, NULL, '2025-11-30 05:27:32', '2025-11-30 05:27:32'),
(251, 36, 'sat', 1, NULL, NULL, '2025-11-30 05:27:32', '2025-11-30 05:27:32'),
(252, 37, 'sat', 1, NULL, NULL, '2025-11-30 05:27:32', '2025-11-30 05:27:32'),
(253, 38, 'sat', 1, NULL, NULL, '2025-11-30 05:27:32', '2025-11-30 05:27:32'),
(254, 39, 'sat', 1, NULL, NULL, '2025-11-30 05:27:32', '2025-11-30 05:27:32'),
(255, 40, 'sat', 1, NULL, NULL, '2025-11-30 05:27:32', '2025-11-30 05:27:32'),
(256, 41, 'sat', 1, NULL, NULL, '2025-11-30 05:27:32', '2025-11-30 05:27:32'),
(257, 42, 'sat', 1, NULL, NULL, '2025-11-30 05:27:32', '2025-11-30 05:27:32'),
(258, 43, 'sat', 1, NULL, NULL, '2025-11-30 05:27:32', '2025-11-30 05:27:32'),
(259, 1, 'sun', 1, '11:02:00', '23:02:00', '2025-11-30 05:27:32', '2026-01-01 12:38:29'),
(260, 2, 'sun', 1, NULL, NULL, '2025-11-30 05:27:32', '2025-11-30 05:27:32'),
(261, 3, 'sun', 1, NULL, NULL, '2025-11-30 05:27:32', '2025-11-30 05:27:32'),
(262, 4, 'sun', 1, NULL, NULL, '2025-11-30 05:27:32', '2025-11-30 05:27:32'),
(263, 5, 'sun', 1, NULL, NULL, '2025-11-30 05:27:32', '2025-11-30 05:27:32'),
(264, 6, 'sun', 1, NULL, NULL, '2025-11-30 05:27:32', '2025-11-30 05:27:32'),
(265, 7, 'sun', 1, NULL, NULL, '2025-11-30 05:27:32', '2025-11-30 05:27:32'),
(266, 8, 'sun', 1, NULL, NULL, '2025-11-30 05:27:32', '2025-11-30 05:27:32'),
(267, 9, 'sun', 1, NULL, NULL, '2025-11-30 05:27:32', '2025-11-30 05:27:32'),
(268, 10, 'sun', 1, NULL, NULL, '2025-11-30 05:27:32', '2025-11-30 05:27:32'),
(269, 11, 'sun', 1, NULL, NULL, '2025-11-30 05:27:32', '2025-11-30 05:27:32'),
(270, 12, 'sun', 1, NULL, NULL, '2025-11-30 05:27:32', '2025-11-30 05:27:32'),
(271, 13, 'sun', 1, NULL, NULL, '2025-11-30 05:27:32', '2025-11-30 05:27:32'),
(272, 14, 'sun', 1, NULL, NULL, '2025-11-30 05:27:32', '2025-11-30 05:27:32'),
(273, 15, 'sun', 1, NULL, NULL, '2025-11-30 05:27:32', '2025-11-30 05:27:32'),
(274, 16, 'sun', 1, NULL, NULL, '2025-11-30 05:27:32', '2025-11-30 05:27:32'),
(275, 17, 'sun', 1, NULL, NULL, '2025-11-30 05:27:32', '2025-11-30 05:27:32'),
(276, 18, 'sun', 1, NULL, NULL, '2025-11-30 05:27:32', '2025-11-30 05:27:32'),
(277, 19, 'sun', 1, NULL, NULL, '2025-11-30 05:27:32', '2025-11-30 05:27:32'),
(278, 20, 'sun', 1, NULL, NULL, '2025-11-30 05:27:32', '2025-11-30 05:27:32'),
(279, 21, 'sun', 1, NULL, NULL, '2025-11-30 05:27:32', '2025-11-30 05:27:32'),
(280, 22, 'sun', 1, NULL, NULL, '2025-11-30 05:27:32', '2025-11-30 05:27:32'),
(281, 23, 'sun', 1, NULL, NULL, '2025-11-30 05:27:32', '2025-11-30 05:27:32'),
(282, 24, 'sun', 1, NULL, NULL, '2025-11-30 05:27:32', '2025-11-30 05:27:32'),
(283, 25, 'sun', 1, NULL, NULL, '2025-11-30 05:27:32', '2025-11-30 05:27:32'),
(284, 26, 'sun', 1, NULL, NULL, '2025-11-30 05:27:32', '2025-11-30 05:27:32'),
(285, 27, 'sun', 1, NULL, NULL, '2025-11-30 05:27:32', '2025-11-30 05:27:32'),
(286, 28, 'sun', 1, NULL, NULL, '2025-11-30 05:27:32', '2025-11-30 05:27:32'),
(287, 29, 'sun', 1, NULL, NULL, '2025-11-30 05:27:32', '2025-11-30 05:27:32'),
(288, 30, 'sun', 1, NULL, NULL, '2025-11-30 05:27:32', '2025-11-30 05:27:32'),
(289, 31, 'sun', 1, NULL, NULL, '2025-11-30 05:27:32', '2025-11-30 05:27:32'),
(290, 32, 'sun', 1, NULL, NULL, '2025-11-30 05:27:32', '2025-11-30 05:27:32'),
(291, 33, 'sun', 1, NULL, NULL, '2025-11-30 05:27:32', '2025-11-30 05:27:32'),
(292, 34, 'sun', 1, NULL, NULL, '2025-11-30 05:27:32', '2025-11-30 05:27:32'),
(293, 35, 'sun', 1, NULL, NULL, '2025-11-30 05:27:32', '2025-11-30 05:27:32'),
(294, 36, 'sun', 1, NULL, NULL, '2025-11-30 05:27:32', '2025-11-30 05:27:32'),
(295, 37, 'sun', 1, NULL, NULL, '2025-11-30 05:27:32', '2025-11-30 05:27:32'),
(296, 38, 'sun', 1, NULL, NULL, '2025-11-30 05:27:32', '2025-11-30 05:27:32'),
(297, 39, 'sun', 1, NULL, NULL, '2025-11-30 05:27:32', '2025-11-30 05:27:32'),
(298, 40, 'sun', 1, NULL, NULL, '2025-11-30 05:27:32', '2025-11-30 05:27:32'),
(299, 41, 'sun', 1, NULL, NULL, '2025-11-30 05:27:32', '2025-11-30 05:27:32'),
(300, 42, 'sun', 1, NULL, NULL, '2025-11-30 05:27:32', '2025-11-30 05:27:32'),
(301, 43, 'sun', 1, NULL, NULL, '2025-11-30 05:27:32', '2025-11-30 05:27:32'),
(309, 47, 'mon', 1, '03:45:00', '15:45:00', '2025-12-12 13:45:33', '2025-12-12 13:45:33'),
(310, 47, 'tue', 1, '03:45:00', '15:45:00', '2025-12-12 13:45:33', '2025-12-12 13:45:33'),
(311, 47, 'wed', 1, '03:45:00', '15:45:00', '2025-12-12 13:45:33', '2025-12-12 13:45:33'),
(312, 47, 'thu', 1, '03:45:00', '15:45:00', '2025-12-12 13:45:33', '2025-12-12 13:45:33'),
(313, 47, 'fri', 1, '03:45:00', '15:45:00', '2025-12-12 13:45:33', '2025-12-12 13:45:33'),
(314, 47, 'sat', 1, '03:45:00', '15:45:00', '2025-12-12 13:45:33', '2025-12-12 13:45:33'),
(315, 47, 'sun', 1, '03:45:00', '15:45:00', '2025-12-12 13:45:33', '2025-12-12 13:45:33'),
(316, 48, 'mon', 1, '00:46:00', '16:46:00', '2025-12-12 13:46:15', '2025-12-12 13:46:15'),
(317, 48, 'tue', 1, '00:46:00', '16:46:00', '2025-12-12 13:46:15', '2025-12-12 13:46:15'),
(318, 48, 'wed', 1, '00:46:00', '16:46:00', '2025-12-12 13:46:15', '2025-12-12 13:46:15'),
(319, 48, 'thu', 1, '00:46:00', '16:46:00', '2025-12-12 13:46:15', '2025-12-12 13:46:15'),
(320, 48, 'fri', 1, '00:46:00', '16:46:00', '2025-12-12 13:46:15', '2025-12-12 13:46:15'),
(321, 48, 'sat', 1, '00:46:00', '16:46:00', '2025-12-12 13:46:15', '2025-12-12 13:46:15'),
(322, 48, 'sun', 1, '00:46:00', '16:46:00', '2025-12-12 13:46:15', '2025-12-12 13:46:15'),
(323, 49, 'mon', 1, '00:49:00', '17:51:00', '2025-12-12 13:47:04', '2025-12-12 13:47:04'),
(324, 49, 'tue', 1, '00:49:00', '17:51:00', '2025-12-12 13:47:04', '2025-12-12 13:47:04'),
(325, 49, 'wed', 1, '00:49:00', '17:51:00', '2025-12-12 13:47:04', '2025-12-12 13:47:04'),
(326, 49, 'thu', 1, '00:49:00', '17:51:00', '2025-12-12 13:47:04', '2025-12-12 13:47:04'),
(327, 49, 'fri', 1, '00:49:00', '17:51:00', '2025-12-12 13:47:04', '2025-12-12 13:47:04'),
(328, 49, 'sat', 1, '00:49:00', '17:51:00', '2025-12-12 13:47:04', '2025-12-12 13:47:04'),
(329, 49, 'sun', 1, '00:49:00', '17:51:00', '2025-12-12 13:47:04', '2025-12-12 13:47:04'),
(330, 50, 'mon', 1, '14:47:00', '17:47:00', '2025-12-12 13:47:31', '2025-12-25 14:52:33'),
(331, 50, 'tue', 1, '14:47:00', '18:47:00', '2025-12-12 13:47:31', '2025-12-25 14:52:33'),
(332, 50, 'wed', 1, '14:47:00', '17:47:00', '2025-12-12 13:47:31', '2025-12-25 14:52:33'),
(333, 50, 'thu', 0, NULL, NULL, '2025-12-12 13:47:31', '2025-12-25 14:52:33'),
(334, 50, 'fri', 1, '19:47:00', '21:47:00', '2025-12-12 13:47:31', '2025-12-25 14:52:33'),
(335, 50, 'sat', 0, NULL, NULL, '2025-12-12 13:47:31', '2025-12-25 14:52:33'),
(336, 50, 'sun', 1, '02:47:00', '14:47:00', '2025-12-12 13:47:31', '2025-12-25 14:52:34'),
(337, 51, 'mon', 1, '08:36:00', '22:37:00', '2025-12-25 16:06:57', '2025-12-25 16:06:57'),
(338, 51, 'tue', 1, '08:36:00', '22:37:00', '2025-12-25 16:06:57', '2025-12-25 16:06:57'),
(339, 51, 'wed', 1, '08:36:00', '22:37:00', '2025-12-25 16:06:57', '2025-12-25 16:06:57'),
(340, 51, 'thu', 1, '08:36:00', '22:37:00', '2025-12-25 16:06:57', '2025-12-25 16:06:57'),
(341, 51, 'fri', 1, '08:36:00', '22:37:00', '2025-12-25 16:06:57', '2025-12-25 16:06:57'),
(342, 51, 'sat', 1, '08:36:00', '22:37:00', '2025-12-25 16:06:57', '2025-12-25 16:06:57'),
(343, 51, 'sun', 1, '08:36:00', '22:37:00', '2025-12-25 16:06:57', '2025-12-25 16:06:57'),
(344, 52, 'mon', 1, '01:53:00', '23:53:00', '2025-12-26 05:23:21', '2025-12-30 22:42:36'),
(345, 52, 'tue', 1, '01:53:00', '23:53:00', '2025-12-26 05:23:21', '2025-12-30 22:42:36'),
(346, 52, 'wed', 1, '01:53:00', '23:53:00', '2025-12-26 05:23:21', '2025-12-30 22:42:36'),
(347, 52, 'thu', 1, '01:53:00', '23:53:00', '2025-12-26 05:23:21', '2025-12-30 22:42:36'),
(348, 52, 'fri', 1, '01:53:00', '23:53:00', '2025-12-26 05:23:21', '2025-12-30 22:42:36'),
(349, 52, 'sat', 1, '01:53:00', '23:53:00', '2025-12-26 05:23:21', '2025-12-30 22:42:36'),
(350, 52, 'sun', 1, '01:53:00', '23:53:00', '2025-12-26 05:23:21', '2025-12-30 22:42:36');

-- --------------------------------------------------------

--
-- Table structure for table `migrations`
--

CREATE TABLE `migrations` (
  `id` int(10) UNSIGNED NOT NULL,
  `migration` varchar(255) NOT NULL,
  `batch` int(11) NOT NULL
) ENGINE=InnoDB DEFAULT CHARSET=utf8mb4 COLLATE=utf8mb4_unicode_ci;

--
-- Dumping data for table `migrations`
--

INSERT INTO `migrations` (`id`, `migration`, `batch`) VALUES
(1, '0001_01_01_000000_create_users_table', 1),
(2, '0001_01_01_000001_create_cache_table', 1),
(3, '0001_01_01_000002_create_jobs_table', 1);

-- --------------------------------------------------------

--
-- Table structure for table `notifications`
--

CREATE TABLE `notifications` (
  `id` bigint(20) UNSIGNED NOT NULL,
  `user_id` bigint(20) UNSIGNED DEFAULT NULL,
  `title` varchar(255) NOT NULL,
  `message` text NOT NULL,
  `type` enum('system','wallet','result','bet') DEFAULT 'system',
  `is_read` tinyint(1) DEFAULT 0,
  `created_at` timestamp NOT NULL DEFAULT current_timestamp()
) ENGINE=InnoDB DEFAULT CHARSET=utf8mb4 COLLATE=utf8mb4_general_ci;

-- --------------------------------------------------------

--
-- Table structure for table `password_reset_tokens`
--

CREATE TABLE `password_reset_tokens` (
  `email` varchar(255) NOT NULL,
  `token` varchar(255) NOT NULL,
  `created_at` timestamp NULL DEFAULT NULL
) ENGINE=InnoDB DEFAULT CHARSET=utf8mb4 COLLATE=utf8mb4_unicode_ci;

-- --------------------------------------------------------

--
-- Table structure for table `results`
--

CREATE TABLE `results` (
  `id` int(11) NOT NULL,
  `market_id` bigint(20) UNSIGNED NOT NULL,
  `open_panna` varchar(10) DEFAULT NULL,
  `open_digit` varchar(10) DEFAULT NULL,
  `close_panna` varchar(10) DEFAULT NULL,
  `close_digit` varchar(10) DEFAULT NULL,
  `result_date` date NOT NULL,
  `created_at` timestamp NULL DEFAULT current_timestamp(),
  `updated_at` timestamp NULL DEFAULT current_timestamp() ON UPDATE current_timestamp()
) ENGINE=InnoDB DEFAULT CHARSET=utf8mb4 COLLATE=utf8mb4_general_ci;

-- --------------------------------------------------------

--
-- Table structure for table `sessions`
--

CREATE TABLE `sessions` (
  `id` varchar(255) NOT NULL,
  `user_id` bigint(20) UNSIGNED DEFAULT NULL,
  `ip_address` varchar(45) DEFAULT NULL,
  `user_agent` text DEFAULT NULL,
  `payload` longtext NOT NULL,
  `last_activity` int(11) NOT NULL
) ENGINE=InnoDB DEFAULT CHARSET=utf8mb4 COLLATE=utf8mb4_unicode_ci;

--
-- Dumping data for table `sessions`
--

INSERT INTO `sessions` (`id`, `user_id`, `ip_address`, `user_agent`, `payload`, `last_activity`) VALUES
('CU63eqptbD08FEc1HNmeteCYJCyVpKMm4n2EEEbs', NULL, '127.0.0.1', 'Mozilla/5.0 (Windows NT 10.0; Win64; x64) AppleWebKit/537.36 (KHTML, like Gecko) Chrome/143.0.0.0 Safari/537.36', 'YTozOntzOjY6Il90b2tlbiI7czo0MDoiZ1dDZnQ1UjFIT0RWaHVra3JoZzFYWlpUekN5bmxmQnJPcWFIVnJBMyI7czo5OiJfcHJldmlvdXMiO2E6MTp7czozOiJ1cmwiO3M6MjE6Imh0dHA6Ly8xMjcuMC4wLjE6ODAwMCI7fXM6NjoiX2ZsYXNoIjthOjI6e3M6Mzoib2xkIjthOjA6e31zOjM6Im5ldyI7YTowOnt9fX0=', 1767269711),
('P5KQjIror160UueJN69Ta4VJDUpZTizxhghCpydJ', NULL, '127.0.0.1', 'Mozilla/5.0 (Windows NT 10.0; Win64; x64) AppleWebKit/537.36 (KHTML, like Gecko) Chrome/143.0.0.0 Safari/537.36', 'YTo0OntzOjY6Il90b2tlbiI7czo0MDoic2dsWTBOOFJaU25YSnFkTGZjR2ZmRzhaS2V2WmJndGR0TjJCdkJ0dSI7czo5OiJfcHJldmlvdXMiO2E6MTp7czozOiJ1cmwiO3M6MzM6Imh0dHA6Ly8xMjcuMC4wLjE6ODAwMC9hZG1pbi9sb2dpbiI7fXM6NjoiX2ZsYXNoIjthOjI6e3M6Mzoib2xkIjthOjA6e31zOjM6Im5ldyI7YTowOnt9fXM6NTI6ImxvZ2luX2FkbWluXzU5YmEzNmFkZGMyYjJmOTQwMTU4MGYwMTRjN2Y1OGVhNGUzMDk4OWQiO2k6MTt9', 1767269734),
('VitIUBm5TUzCvNTISTHqTN9652F7EvosjgicFeaA', NULL, '127.0.0.1', 'Mozilla/5.0 (Windows NT 10.0; Win64; x64) AppleWebKit/537.36 (KHTML, like Gecko) Chrome/143.0.0.0 Safari/537.36', 'YTo0OntzOjY6Il90b2tlbiI7czo0MDoiUVdvaEttSjhpSGhIa3VCRGpiZ21YMkdsT1F5WWxwQ1R0aHZnWlFHeiI7czo2OiJfZmxhc2giO2E6Mjp7czozOiJvbGQiO2E6MDp7fXM6MzoibmV3IjthOjA6e319czo5OiJfcHJldmlvdXMiO2E6MTp7czozOiJ1cmwiO3M6Mzk6Imh0dHA6Ly8xMjcuMC4wLjE6ODAwMC9hZG1pbi9nYW1lcy9uYW1lcyI7fXM6NTI6ImxvZ2luX2FkbWluXzU5YmEzNmFkZGMyYjJmOTQwMTU4MGYwMTRjN2Y1OGVhNGUzMDk4OWQiO2k6MTt9', 1767271185);

-- --------------------------------------------------------

--
-- Table structure for table `starline_bid_history`
--

CREATE TABLE `starline_bid_history` (
  `id` bigint(20) UNSIGNED NOT NULL,
  `user_id` bigint(20) UNSIGNED NOT NULL,
  `starline_id` bigint(20) UNSIGNED NOT NULL,
  `game_type` varchar(50) NOT NULL,
  `bet_value` varchar(20) NOT NULL,
  `amount` decimal(10,2) NOT NULL,
  `bid_date` date NOT NULL,
  `created_at` timestamp NULL DEFAULT NULL,
  `updated_at` timestamp NULL DEFAULT NULL
) ENGINE=InnoDB DEFAULT CHARSET=utf8mb4 COLLATE=utf8mb4_general_ci;

--
-- Dumping data for table `starline_bid_history`
--

INSERT INTO `starline_bid_history` (`id`, `user_id`, `starline_id`, `game_type`, `bet_value`, `amount`, `bid_date`, `created_at`, `updated_at`) VALUES
(1, 4, 28, 'single_digit', '7', 50.00, '2025-12-25', '2025-12-25 16:56:45', NULL);

-- --------------------------------------------------------

--
-- Table structure for table `starline_gametypes`
--

CREATE TABLE `starline_gametypes` (
  `id` bigint(20) UNSIGNED NOT NULL,
  `market_id` bigint(20) UNSIGNED NOT NULL,
  `game_type_id` bigint(20) NOT NULL,
  `is_active` tinyint(1) DEFAULT 1,
  `created_at` timestamp NULL DEFAULT current_timestamp(),
  `updated_at` timestamp NULL DEFAULT current_timestamp() ON UPDATE current_timestamp()
) ENGINE=InnoDB DEFAULT CHARSET=utf8mb4 COLLATE=utf8mb4_general_ci;

--
-- Dumping data for table `starline_gametypes`
--

INSERT INTO `starline_gametypes` (`id`, `market_id`, `game_type_id`, `is_active`, `created_at`, `updated_at`) VALUES
(1, 1, 1, 1, '2025-12-27 17:53:44', '2025-12-27 17:53:44'),
(2, 1, 5, 1, '2025-12-27 17:53:44', '2025-12-27 17:53:44'),
(3, 1, 7, 1, '2025-12-27 17:53:44', '2025-12-27 17:53:44'),
(4, 1, 9, 1, '2025-12-27 17:53:44', '2025-12-27 17:53:44'),
(5, 2, 1, 1, '2025-12-27 17:53:44', '2025-12-27 17:53:44'),
(6, 2, 5, 1, '2025-12-27 17:53:44', '2025-12-27 17:53:44'),
(7, 2, 7, 1, '2025-12-27 17:53:44', '2025-12-27 17:53:44'),
(8, 2, 9, 1, '2025-12-27 17:53:45', '2025-12-27 17:53:45'),
(9, 3, 1, 1, '2025-12-27 17:53:45', '2025-12-27 17:53:45'),
(10, 3, 5, 1, '2025-12-27 17:53:45', '2025-12-27 17:53:45'),
(11, 3, 7, 1, '2025-12-27 17:53:45', '2025-12-27 17:53:45'),
(12, 3, 9, 1, '2025-12-27 17:53:45', '2025-12-27 17:53:45'),
(13, 4, 1, 1, '2025-12-27 17:53:45', '2025-12-27 17:53:45'),
(14, 4, 5, 1, '2025-12-27 17:53:45', '2025-12-27 17:53:45'),
(15, 4, 7, 1, '2025-12-27 17:53:45', '2025-12-27 17:53:45'),
(16, 4, 9, 1, '2025-12-27 17:53:45', '2025-12-27 17:53:45'),
(17, 5, 1, 1, '2025-12-27 17:53:45', '2025-12-27 17:53:45'),
(18, 5, 5, 1, '2025-12-27 17:53:45', '2025-12-27 17:53:45'),
(19, 5, 7, 1, '2025-12-27 17:53:45', '2025-12-27 17:53:45'),
(20, 5, 9, 1, '2025-12-27 17:53:45', '2025-12-27 17:53:45'),
(21, 6, 1, 1, '2025-12-27 17:53:45', '2025-12-27 17:53:45'),
(22, 6, 5, 1, '2025-12-27 17:53:45', '2025-12-27 17:53:45'),
(23, 6, 7, 1, '2025-12-27 17:53:45', '2025-12-27 17:53:45'),
(24, 6, 9, 1, '2025-12-27 17:53:45', '2025-12-27 17:53:45'),
(25, 7, 1, 1, '2025-12-27 17:53:45', '2025-12-27 17:53:45'),
(26, 7, 5, 1, '2025-12-27 17:53:45', '2025-12-27 17:53:45'),
(27, 7, 7, 1, '2025-12-27 17:53:45', '2025-12-27 17:53:45'),
(28, 7, 9, 1, '2025-12-27 17:53:45', '2025-12-27 17:53:45'),
(29, 8, 1, 1, '2025-12-27 17:53:45', '2025-12-27 17:53:45'),
(30, 8, 5, 1, '2025-12-27 17:53:45', '2025-12-27 17:53:45'),
(31, 8, 7, 1, '2025-12-27 17:53:45', '2025-12-27 17:53:45'),
(32, 8, 9, 1, '2025-12-27 17:53:45', '2025-12-27 17:53:45'),
(33, 9, 1, 1, '2025-12-27 17:53:45', '2025-12-27 17:53:45'),
(34, 9, 5, 1, '2025-12-27 17:53:45', '2025-12-27 17:53:45'),
(35, 9, 7, 1, '2025-12-27 17:53:45', '2025-12-27 17:53:45'),
(36, 9, 9, 1, '2025-12-27 17:53:45', '2025-12-27 17:53:45'),
(37, 10, 1, 1, '2025-12-27 17:53:45', '2025-12-27 17:53:45'),
(38, 10, 5, 1, '2025-12-27 17:53:45', '2025-12-27 17:53:45'),
(39, 10, 7, 1, '2025-12-27 17:53:45', '2025-12-27 17:53:45'),
(40, 10, 9, 1, '2025-12-27 17:53:45', '2025-12-27 17:53:45'),
(41, 11, 1, 1, '2025-12-27 17:53:45', '2025-12-27 17:53:45'),
(42, 11, 5, 1, '2025-12-27 17:53:45', '2025-12-27 17:53:45'),
(43, 11, 7, 1, '2025-12-27 17:53:45', '2025-12-27 17:53:45'),
(44, 11, 9, 1, '2025-12-27 17:53:45', '2025-12-27 17:53:45'),
(45, 12, 1, 1, '2025-12-27 17:53:45', '2025-12-27 17:53:45'),
(46, 12, 5, 1, '2025-12-27 17:53:45', '2025-12-27 17:53:45'),
(47, 12, 7, 1, '2025-12-27 17:53:45', '2025-12-27 17:53:45'),
(48, 12, 9, 1, '2025-12-27 17:53:45', '2025-12-27 17:53:45'),
(49, 13, 1, 1, '2025-12-27 17:53:45', '2025-12-27 17:53:45'),
(50, 13, 5, 1, '2025-12-27 17:53:46', '2025-12-27 17:53:46'),
(51, 13, 7, 1, '2025-12-27 17:53:46', '2025-12-27 17:53:46'),
(52, 13, 9, 1, '2025-12-27 17:53:46', '2025-12-27 17:53:46'),
(53, 14, 1, 1, '2025-12-27 17:53:46', '2025-12-27 17:53:46'),
(54, 14, 5, 1, '2025-12-27 17:53:46', '2025-12-27 17:53:46'),
(55, 14, 7, 1, '2025-12-27 17:53:46', '2025-12-27 17:53:46'),
(56, 14, 9, 1, '2025-12-27 17:53:46', '2025-12-27 17:53:46'),
(57, 15, 1, 1, '2025-12-27 17:53:46', '2025-12-27 17:53:46'),
(58, 15, 5, 1, '2025-12-27 17:53:46', '2025-12-27 17:53:46'),
(59, 15, 7, 1, '2025-12-27 17:53:46', '2025-12-27 17:53:46'),
(60, 15, 9, 1, '2025-12-27 17:53:46', '2025-12-27 17:53:46');

-- --------------------------------------------------------

--
-- Table structure for table `starline_names`
--

CREATE TABLE `starline_names` (
  `id` bigint(20) UNSIGNED NOT NULL,
  `name` varchar(100) NOT NULL,
  `slug` varchar(120) NOT NULL,
  `market_status` tinyint(1) DEFAULT 1 COMMENT '1=open, 0=closed',
  `game_status` tinyint(1) DEFAULT 1 COMMENT '1=active, 0=inactive',
  `created_at` timestamp NULL DEFAULT NULL,
  `updated_at` timestamp NULL DEFAULT NULL,
  `deleted_at` timestamp NULL DEFAULT NULL
) ENGINE=InnoDB DEFAULT CHARSET=utf8mb4 COLLATE=utf8mb4_general_ci;

--
-- Dumping data for table `starline_names`
--

INSERT INTO `starline_names` (`id`, `name`, `slug`, `market_status`, `game_status`, `created_at`, `updated_at`, `deleted_at`) VALUES
(1, '10:00 AM', '1000-am', 1, 1, '2025-12-25 16:55:18', '2025-12-26 04:15:44', NULL),
(2, '11:00 AM', 'starline-11am', 1, 1, '2025-12-25 16:55:18', '2025-12-25 16:55:18', NULL),
(3, '12:00 PM', 'starline-12pm', 1, 1, '2025-12-25 16:55:18', '2025-12-25 16:55:18', NULL),
(4, '1:00 PM', 'starline-1pm', 1, 1, '2025-12-25 16:55:18', '2025-12-25 16:55:18', NULL),
(5, '2:00 PM', 'starline-2pm', 1, 1, '2025-12-25 16:55:18', '2025-12-25 16:55:18', NULL),
(6, '3:00 PM', '300-pm', 1, 1, '2025-12-25 16:55:18', '2025-12-30 10:22:41', NULL),
(7, '4:00 PM', '400-pm', 1, 1, '2025-12-25 16:55:18', '2025-12-30 10:40:39', NULL),
(8, '5:00 PM', '500-pm', 1, 1, '2025-12-25 16:55:18', '2025-12-30 11:51:05', NULL),
(9, '6:00 PM', 'starline-6pm', 1, 1, '2025-12-25 16:55:18', '2025-12-25 16:55:18', NULL),
(10, '7:00 PM', 'starline-7pm', 1, 1, '2025-12-25 16:55:18', '2025-12-25 16:55:18', NULL),
(11, '8:00 PM', 'starline-8pm', 1, 1, '2025-12-25 16:55:18', '2025-12-25 16:55:18', NULL),
(12, '9:00 PM', 'starline-9pm', 1, 1, '2025-12-25 16:55:18', '2025-12-25 16:55:18', NULL),
(13, '10:00 PM', 'starline-10pm', 1, 1, '2025-12-25 16:55:18', '2025-12-25 16:55:18', NULL),
(14, '11:00 PM', '1100-pm', 1, 1, '2025-12-25 16:55:18', '2025-12-27 17:35:54', NULL),
(15, '12:00 AM', '1200-am', 1, 1, '2025-12-26 04:08:34', '2025-12-26 04:08:34', NULL);

-- --------------------------------------------------------

--
-- Table structure for table `starline_rates`
--

CREATE TABLE `starline_rates` (
  `id` bigint(20) UNSIGNED NOT NULL,
  `game_type` varchar(50) NOT NULL COMMENT 'single_digit, single_panna, etc',
  `payout_rate` decimal(10,2) NOT NULL,
  `status` tinyint(1) DEFAULT 1,
  `created_at` timestamp NULL DEFAULT NULL,
  `updated_at` timestamp NULL DEFAULT NULL
) ENGINE=InnoDB DEFAULT CHARSET=utf8mb4 COLLATE=utf8mb4_general_ci;

--
-- Dumping data for table `starline_rates`
--

INSERT INTO `starline_rates` (`id`, `game_type`, `payout_rate`, `status`, `created_at`, `updated_at`) VALUES
(1, 'single_digit', 9.00, 1, NULL, '2025-12-26 05:04:16'),
(2, 'single_panna', 140.00, 1, NULL, '2025-12-26 05:04:16'),
(3, 'double_panna', 280.00, 1, NULL, '2025-12-26 05:04:16'),
(4, 'triple_panna', 600.00, 1, NULL, '2025-12-26 05:04:16');

-- --------------------------------------------------------

--
-- Table structure for table `starline_results`
--

CREATE TABLE `starline_results` (
  `id` bigint(20) UNSIGNED NOT NULL,
  `market_id` bigint(20) UNSIGNED NOT NULL,
  `result_digit` varchar(5) NOT NULL,
  `result_pana` varchar(10) DEFAULT NULL,
  `draw_date` date NOT NULL,
  `created_at` timestamp NOT NULL DEFAULT current_timestamp()
) ENGINE=InnoDB DEFAULT CHARSET=utf8mb4 COLLATE=utf8mb4_general_ci;

-- --------------------------------------------------------

--
-- Table structure for table `starline_result_history`
--

CREATE TABLE `starline_result_history` (
  `id` bigint(20) UNSIGNED NOT NULL,
  `starline_id` bigint(20) UNSIGNED NOT NULL,
  `result_date` date NOT NULL,
  `result_value` varchar(10) NOT NULL COMMENT 'digit or panna',
  `declared_at` timestamp NULL DEFAULT NULL,
  `created_at` timestamp NULL DEFAULT NULL,
  `updated_at` timestamp NULL DEFAULT NULL
) ENGINE=InnoDB DEFAULT CHARSET=utf8mb4 COLLATE=utf8mb4_general_ci;

--
-- Dumping data for table `starline_result_history`
--

INSERT INTO `starline_result_history` (`id`, `starline_id`, `result_date`, `result_value`, `declared_at`, `created_at`, `updated_at`) VALUES
(1, 1, '2025-12-25', '7', '2025-12-25 16:56:21', '2025-12-25 16:56:21', NULL);

-- --------------------------------------------------------

--
-- Table structure for table `starline_schedule`
--

CREATE TABLE `starline_schedule` (
  `id` bigint(20) UNSIGNED NOT NULL,
  `starline_id` bigint(20) UNSIGNED NOT NULL,
  `weekday` enum('mon','tue','wed','thu','fri','sat','sun') NOT NULL,
  `is_open` tinyint(1) DEFAULT 1,
  `open_time` time NOT NULL,
  `close_time` time NOT NULL,
  `created_at` timestamp NULL DEFAULT NULL,
  `updated_at` timestamp NULL DEFAULT NULL
) ENGINE=InnoDB DEFAULT CHARSET=utf8mb4 COLLATE=utf8mb4_general_ci;

--
-- Dumping data for table `starline_schedule`
--

INSERT INTO `starline_schedule` (`id`, `starline_id`, `weekday`, `is_open`, `open_time`, `close_time`, `created_at`, `updated_at`) VALUES
(1, 1, 'mon', 0, '10:00:00', '11:05:00', '2025-12-25 17:07:12', '2025-12-26 05:10:54'),
(2, 1, 'tue', 1, '10:00:00', '11:05:00', '2025-12-25 17:07:12', '2025-12-26 05:10:54'),
(3, 1, 'wed', 1, '10:00:00', '11:05:00', '2025-12-25 17:07:12', '2025-12-26 05:10:54'),
(4, 1, 'thu', 0, '10:00:00', '11:05:00', '2025-12-25 17:07:12', '2025-12-26 05:10:54'),
(5, 1, 'fri', 1, '10:00:00', '11:05:00', '2025-12-25 17:07:12', '2025-12-26 05:10:54'),
(6, 1, 'sat', 1, '10:00:00', '11:05:00', '2025-12-25 17:07:12', '2025-12-26 05:10:54'),
(7, 1, 'sun', 1, '10:00:00', '11:05:00', '2025-12-25 17:07:12', '2025-12-26 05:10:54'),
(8, 2, 'mon', 1, '11:00:00', '11:05:00', '2025-12-25 17:07:12', '2025-12-25 17:07:12'),
(9, 2, 'tue', 1, '11:00:00', '11:05:00', '2025-12-25 17:07:13', '2025-12-25 17:07:13'),
(10, 2, 'wed', 1, '11:00:00', '11:05:00', '2025-12-25 17:07:13', '2025-12-25 17:07:13'),
(11, 2, 'thu', 1, '11:00:00', '11:05:00', '2025-12-25 17:07:13', '2025-12-25 17:07:13'),
(12, 2, 'fri', 1, '11:00:00', '11:05:00', '2025-12-25 17:07:13', '2025-12-25 17:07:13'),
(13, 2, 'sat', 1, '11:00:00', '11:05:00', '2025-12-25 17:07:13', '2025-12-25 17:07:13'),
(14, 2, 'sun', 1, '11:00:00', '11:05:00', '2025-12-25 17:07:13', '2025-12-25 17:07:13'),
(15, 3, 'mon', 1, '12:00:00', '12:05:00', '2025-12-25 17:07:13', '2025-12-25 17:07:13'),
(16, 3, 'tue', 1, '12:00:00', '12:05:00', '2025-12-25 17:07:13', '2025-12-25 17:07:13'),
(17, 3, 'wed', 1, '12:00:00', '12:05:00', '2025-12-25 17:07:13', '2025-12-25 17:07:13'),
(18, 3, 'thu', 1, '12:00:00', '12:05:00', '2025-12-25 17:07:13', '2025-12-25 17:07:13'),
(19, 3, 'fri', 1, '12:00:00', '12:05:00', '2025-12-25 17:07:13', '2025-12-25 17:07:13'),
(20, 3, 'sat', 1, '12:00:00', '12:05:00', '2025-12-25 17:07:13', '2025-12-25 17:07:13'),
(21, 3, 'sun', 1, '12:00:00', '12:05:00', '2025-12-25 17:07:13', '2025-12-25 17:07:13'),
(22, 4, 'mon', 1, '13:00:00', '13:05:00', '2025-12-25 17:07:13', '2025-12-25 17:07:13'),
(23, 4, 'tue', 1, '13:00:00', '13:05:00', '2025-12-25 17:07:13', '2025-12-25 17:07:13'),
(24, 4, 'wed', 1, '13:00:00', '13:05:00', '2025-12-25 17:07:13', '2025-12-25 17:07:13'),
(25, 4, 'thu', 1, '13:00:00', '13:05:00', '2025-12-25 17:07:13', '2025-12-25 17:07:13'),
(26, 4, 'fri', 1, '13:00:00', '13:05:00', '2025-12-25 17:07:13', '2025-12-25 17:07:13'),
(27, 4, 'sat', 1, '13:00:00', '13:05:00', '2025-12-25 17:07:13', '2025-12-25 17:07:13'),
(28, 4, 'sun', 1, '13:00:00', '13:05:00', '2025-12-25 17:07:13', '2025-12-25 17:07:13'),
(29, 5, 'mon', 1, '14:00:00', '14:05:00', '2025-12-25 17:07:13', '2025-12-25 17:07:13'),
(30, 5, 'tue', 1, '14:00:00', '14:05:00', '2025-12-25 17:07:13', '2025-12-25 17:07:13'),
(31, 5, 'wed', 1, '14:00:00', '14:05:00', '2025-12-25 17:07:13', '2025-12-25 17:07:13'),
(32, 5, 'thu', 1, '14:00:00', '14:05:00', '2025-12-25 17:07:14', '2025-12-25 17:07:14'),
(33, 5, 'fri', 1, '14:00:00', '14:05:00', '2025-12-25 17:07:14', '2025-12-25 17:07:14'),
(34, 5, 'sat', 1, '14:00:00', '14:05:00', '2025-12-25 17:07:14', '2025-12-25 17:07:14'),
(35, 5, 'sun', 1, '14:00:00', '14:05:00', '2025-12-25 17:07:14', '2025-12-25 17:07:14'),
(36, 6, 'mon', 1, '15:00:00', '16:05:00', '2025-12-25 17:07:14', '2025-12-30 10:23:27'),
(37, 6, 'tue', 1, '15:00:00', '16:05:00', '2025-12-25 17:07:14', '2025-12-30 10:23:27'),
(38, 6, 'wed', 1, '15:00:00', '16:05:00', '2025-12-25 17:07:14', '2025-12-30 10:23:27'),
(39, 6, 'thu', 1, '15:00:00', '16:05:00', '2025-12-25 17:07:14', '2025-12-30 10:23:27'),
(40, 6, 'fri', 1, '15:00:00', '16:05:00', '2025-12-25 17:07:14', '2025-12-30 10:23:27'),
(41, 6, 'sat', 1, '15:00:00', '16:05:00', '2025-12-25 17:07:14', '2025-12-30 10:23:27'),
(42, 6, 'sun', 1, '15:00:00', '16:05:00', '2025-12-25 17:07:14', '2025-12-30 10:23:27'),
(43, 7, 'mon', 1, '16:00:00', '17:05:00', '2025-12-25 17:07:14', '2025-12-30 10:40:39'),
(44, 7, 'tue', 1, '16:00:00', '17:05:00', '2025-12-25 17:07:14', '2025-12-30 10:40:39'),
(45, 7, 'wed', 1, '16:00:00', '17:05:00', '2025-12-25 17:07:14', '2025-12-30 10:40:39'),
(46, 7, 'thu', 1, '16:00:00', '17:05:00', '2025-12-25 17:07:14', '2025-12-30 10:40:39'),
(47, 7, 'fri', 1, '16:00:00', '17:05:00', '2025-12-25 17:07:14', '2025-12-30 10:40:39'),
(48, 7, 'sat', 1, '16:00:00', '17:05:00', '2025-12-25 17:07:14', '2025-12-30 10:40:39'),
(49, 7, 'sun', 1, '16:00:00', '17:05:00', '2025-12-25 17:07:14', '2025-12-30 10:40:39'),
(50, 8, 'mon', 1, '17:00:00', '18:05:00', '2025-12-25 17:07:14', '2025-12-30 11:51:06'),
(51, 8, 'tue', 1, '17:00:00', '18:05:00', '2025-12-25 17:07:14', '2025-12-30 11:51:06'),
(52, 8, 'wed', 1, '17:00:00', '18:05:00', '2025-12-25 17:07:14', '2025-12-30 11:51:06'),
(53, 8, 'thu', 1, '17:00:00', '18:05:00', '2025-12-25 17:07:14', '2025-12-30 11:51:06'),
(54, 8, 'fri', 1, '17:00:00', '18:05:00', '2025-12-25 17:07:14', '2025-12-30 11:51:06'),
(55, 8, 'sat', 1, '17:00:00', '18:05:00', '2025-12-25 17:07:14', '2025-12-30 11:51:06'),
(56, 8, 'sun', 1, '17:00:00', '18:05:00', '2025-12-25 17:07:14', '2025-12-30 11:51:06'),
(57, 9, 'mon', 1, '18:00:00', '18:05:00', '2025-12-25 17:07:14', '2025-12-25 17:07:14'),
(58, 9, 'tue', 1, '18:00:00', '18:05:00', '2025-12-25 17:07:15', '2025-12-25 17:07:15'),
(59, 9, 'wed', 1, '18:00:00', '18:05:00', '2025-12-25 17:07:15', '2025-12-25 17:07:15'),
(60, 9, 'thu', 1, '18:00:00', '18:05:00', '2025-12-25 17:07:15', '2025-12-25 17:07:15'),
(61, 9, 'fri', 1, '18:00:00', '18:05:00', '2025-12-25 17:07:15', '2025-12-25 17:07:15'),
(62, 9, 'sat', 1, '18:00:00', '18:05:00', '2025-12-25 17:07:15', '2025-12-25 17:07:15'),
(63, 9, 'sun', 1, '18:00:00', '18:05:00', '2025-12-25 17:07:15', '2025-12-25 17:07:15'),
(64, 10, 'mon', 1, '19:00:00', '19:05:00', '2025-12-25 17:07:15', '2025-12-25 17:07:15'),
(65, 10, 'tue', 1, '19:00:00', '19:05:00', '2025-12-25 17:07:15', '2025-12-25 17:07:15'),
(66, 10, 'wed', 1, '19:00:00', '19:05:00', '2025-12-25 17:07:15', '2025-12-25 17:07:15'),
(67, 10, 'thu', 1, '19:00:00', '19:05:00', '2025-12-25 17:07:15', '2025-12-25 17:07:15'),
(68, 10, 'fri', 1, '19:00:00', '19:05:00', '2025-12-25 17:07:15', '2025-12-25 17:07:15'),
(69, 10, 'sat', 1, '19:00:00', '19:05:00', '2025-12-25 17:07:15', '2025-12-25 17:07:15'),
(70, 10, 'sun', 1, '19:00:00', '19:05:00', '2025-12-25 17:07:15', '2025-12-25 17:07:15'),
(71, 11, 'mon', 1, '20:00:00', '20:05:00', '2025-12-25 17:07:15', '2025-12-25 17:07:15'),
(72, 11, 'tue', 1, '20:00:00', '20:05:00', '2025-12-25 17:07:15', '2025-12-25 17:07:15'),
(73, 11, 'wed', 1, '20:00:00', '20:05:00', '2025-12-25 17:07:15', '2025-12-25 17:07:15'),
(74, 11, 'thu', 1, '20:00:00', '20:05:00', '2025-12-25 17:07:15', '2025-12-25 17:07:15'),
(75, 11, 'fri', 1, '20:00:00', '20:05:00', '2025-12-25 17:07:15', '2025-12-25 17:07:15'),
(76, 11, 'sat', 1, '20:00:00', '20:05:00', '2025-12-25 17:07:15', '2025-12-25 17:07:15'),
(77, 11, 'sun', 1, '20:00:00', '20:05:00', '2025-12-25 17:07:15', '2025-12-25 17:07:15'),
(78, 12, 'mon', 1, '21:00:00', '21:05:00', '2025-12-25 17:07:15', '2025-12-25 17:07:15'),
(79, 12, 'tue', 1, '21:00:00', '21:05:00', '2025-12-25 17:07:15', '2025-12-25 17:07:15'),
(80, 12, 'wed', 1, '21:00:00', '21:05:00', '2025-12-25 17:07:15', '2025-12-25 17:07:15'),
(81, 12, 'thu', 1, '21:00:00', '21:05:00', '2025-12-25 17:07:15', '2025-12-25 17:07:15'),
(82, 12, 'fri', 1, '21:00:00', '21:05:00', '2025-12-25 17:07:15', '2025-12-25 17:07:15'),
(83, 12, 'sat', 1, '21:00:00', '21:05:00', '2025-12-25 17:07:15', '2025-12-25 17:07:15'),
(84, 12, 'sun', 1, '21:00:00', '21:05:00', '2025-12-25 17:07:15', '2025-12-25 17:07:15'),
(85, 13, 'mon', 1, '22:00:00', '22:05:00', '2025-12-25 17:07:15', '2025-12-25 17:07:15'),
(86, 13, 'tue', 1, '22:00:00', '22:05:00', '2025-12-25 17:07:15', '2025-12-25 17:07:15'),
(87, 13, 'wed', 1, '22:00:00', '22:05:00', '2025-12-25 17:07:15', '2025-12-25 17:07:15'),
(88, 13, 'thu', 1, '22:00:00', '22:05:00', '2025-12-25 17:07:15', '2025-12-25 17:07:15'),
(89, 13, 'fri', 1, '22:00:00', '22:05:00', '2025-12-25 17:07:16', '2025-12-25 17:07:16'),
(90, 13, 'sat', 1, '22:00:00', '22:05:00', '2025-12-25 17:07:16', '2025-12-25 17:07:16'),
(91, 13, 'sun', 1, '22:00:00', '22:05:00', '2025-12-25 17:07:16', '2025-12-25 17:07:16'),
(92, 14, 'mon', 1, '23:00:00', '23:59:00', '2025-12-25 17:07:16', '2025-12-27 17:35:54'),
(93, 14, 'tue', 1, '23:00:00', '23:59:00', '2025-12-25 17:07:16', '2025-12-27 17:35:54'),
(94, 14, 'wed', 1, '23:00:00', '23:59:00', '2025-12-25 17:07:16', '2025-12-27 17:35:54'),
(95, 14, 'thu', 1, '23:00:00', '23:59:00', '2025-12-25 17:07:16', '2025-12-27 17:35:54'),
(96, 14, 'fri', 1, '23:00:00', '23:59:00', '2025-12-25 17:07:16', '2025-12-27 17:35:54'),
(97, 14, 'sat', 1, '23:00:00', '23:59:00', '2025-12-25 17:07:16', '2025-12-27 17:35:54'),
(98, 14, 'sun', 1, '23:00:00', '23:59:00', '2025-12-25 17:07:16', '2025-12-27 17:35:54'),
(99, 15, 'mon', 1, '00:00:00', '01:00:00', '2025-12-26 04:08:34', '2025-12-26 04:08:34'),
(100, 15, 'tue', 1, '00:00:00', '01:00:00', '2025-12-26 04:08:34', '2025-12-26 04:08:34'),
(101, 15, 'wed', 1, '00:00:00', '01:00:00', '2025-12-26 04:08:34', '2025-12-26 04:08:34'),
(102, 15, 'thu', 1, '00:00:00', '01:00:00', '2025-12-26 04:08:34', '2025-12-26 04:08:34'),
(103, 15, 'fri', 1, '00:00:00', '01:00:00', '2025-12-26 04:08:34', '2025-12-26 04:08:34'),
(104, 15, 'sat', 1, '00:00:00', '01:00:00', '2025-12-26 04:08:34', '2025-12-26 04:08:34'),
(105, 15, 'sun', 1, '00:00:00', '01:00:00', '2025-12-26 04:08:34', '2025-12-26 04:08:34');

-- --------------------------------------------------------

--
-- Table structure for table `users`
--

CREATE TABLE `users` (
  `id` bigint(20) UNSIGNED NOT NULL,
  `name` varchar(255) NOT NULL,
  `phone` varchar(255) NOT NULL,
  `email` varchar(255) NOT NULL,
  `email_verified_at` timestamp NULL DEFAULT NULL,
  `password` varchar(255) DEFAULT NULL,
  `mpin` varchar(255) DEFAULT NULL,
  `remember_token` varchar(100) DEFAULT NULL,
  `betting` int(11) NOT NULL DEFAULT 1,
  `transfer` int(11) NOT NULL DEFAULT 1,
  `status` int(11) NOT NULL DEFAULT 1,
  `created_at` timestamp NULL DEFAULT NULL,
  `updated_at` timestamp NULL DEFAULT NULL,
  `device_id` varchar(255) DEFAULT NULL,
  `last_login` timestamp NULL DEFAULT NULL,
  `kyc_status` enum('pending','approved','rejected','not_submitted') DEFAULT 'not_submitted'
) ENGINE=InnoDB DEFAULT CHARSET=utf8mb4 COLLATE=utf8mb4_unicode_ci;

--
-- Dumping data for table `users`
--

INSERT INTO `users` (`id`, `name`, `phone`, `email`, `email_verified_at`, `password`, `mpin`, `remember_token`, `betting`, `transfer`, `status`, `created_at`, `updated_at`, `device_id`, `last_login`, `kyc_status`) VALUES
(4, 'test', '1234567890', 'test@gmail.com', NULL, NULL, '$2y$12$xO7Iy5APDqqoett1jSzQwepYEuM0QSgczdtcN9zVh29cbBo0V9Dkm', NULL, 1, 1, 1, '2025-10-22 10:16:51', '2025-10-22 10:18:26', NULL, NULL, 'not_submitted'),
(5, 'test kumar', '1234512345', 'test1@gmail.com', NULL, NULL, '$2y$12$wnzUHVDpN5gKqfndo8OCMe6EWkHx4i6DHM2twHE9AezHifc6zZbSi', NULL, 1, 1, 1, '2025-10-29 08:23:21', '2025-10-29 08:23:31', NULL, NULL, 'not_submitted');

-- --------------------------------------------------------

--
-- Table structure for table `wallets`
--

CREATE TABLE `wallets` (
  `id` bigint(20) UNSIGNED NOT NULL,
  `user_id` bigint(20) UNSIGNED NOT NULL,
  `balance` decimal(12,2) NOT NULL DEFAULT 0.00,
  `updated_at` timestamp NOT NULL DEFAULT current_timestamp() ON UPDATE current_timestamp(),
  `bonus_balance` decimal(12,2) DEFAULT 0.00,
  `freeze_balance` decimal(12,2) DEFAULT 0.00
) ENGINE=InnoDB DEFAULT CHARSET=utf8mb4 COLLATE=utf8mb4_general_ci;

--
-- Dumping data for table `wallets`
--

INSERT INTO `wallets` (`id`, `user_id`, `balance`, `updated_at`, `bonus_balance`, `freeze_balance`) VALUES
(3, 4, 48760.00, '2025-12-30 22:46:55', 0.00, 0.00);

-- --------------------------------------------------------

--
-- Table structure for table `wallet_transactions`
--

CREATE TABLE `wallet_transactions` (
  `id` bigint(20) UNSIGNED NOT NULL,
  `wallet_id` bigint(20) UNSIGNED NOT NULL,
  `type` enum('credit','debit') NOT NULL,
  `source` enum('bid','win','refund','bonus','withdraw','admin_credit','admin_debit') NOT NULL,
  `amount` decimal(12,2) NOT NULL,
  `reason` varchar(255) NOT NULL,
  `reference_id` bigint(20) UNSIGNED DEFAULT NULL,
  `reference_type` enum('bid','fund_request','admin_adjustment','withdrawal') DEFAULT NULL,
  `balance_after` decimal(12,2) NOT NULL,
  `transaction_code` varchar(100) NOT NULL,
  `created_at` datetime DEFAULT current_timestamp(),
  `updated_at` timestamp NOT NULL DEFAULT current_timestamp()
) ENGINE=InnoDB DEFAULT CHARSET=utf8mb4 COLLATE=utf8mb4_general_ci;

--
-- Dumping data for table `wallet_transactions`
--

INSERT INTO `wallet_transactions` (`id`, `wallet_id`, `type`, `source`, `amount`, `reason`, `reference_id`, `reference_type`, `balance_after`, `transaction_code`, `created_at`, `updated_at`) VALUES
(1, 3, 'debit', 'bid', 200.00, 'Bid placed on Main', 5, NULL, 300.00, 'TXN-GRC4IHDBUW', '2025-10-31 03:52:49', '2025-10-30 22:22:49'),
(2, 3, 'debit', 'bid', 100.00, 'Bid placed on Main', 6, NULL, 200.00, 'TXN-ANPVRGYROC', '2025-10-31 03:52:49', '2025-10-30 22:22:49'),
(3, 3, 'debit', 'bid', 100.00, 'Bid placed on Main', 7, NULL, 100.00, 'TXN-IQ5JN1BTM8', '2025-10-31 04:28:30', '2025-10-30 22:58:30'),
(4, 3, 'debit', 'bid', 100.00, 'Bid placed on Main', 8, NULL, 400.00, 'TXN-0WBOCYANLC', '2025-10-31 04:56:30', '2025-10-30 23:26:30'),
(5, 3, 'debit', 'bid', 100.00, 'Bid placed on Main', 9, NULL, 300.00, 'TXN-FUBZU46XZY', '2025-10-31 04:59:54', '2025-10-30 23:29:54'),
(6, 3, 'debit', 'bid', 100.00, 'Bid placed on Main', 10, NULL, 200.00, 'TXN-THD2DJ32IY', '2025-10-31 04:59:54', '2025-10-30 23:29:54'),
(7, 3, 'debit', 'bid', 100.00, 'Bid placed on Main', 11, NULL, 100.00, 'TXN-XNTEBS8NKS', '2025-10-31 05:02:55', '2025-10-30 23:32:55'),
(8, 3, 'debit', 'bid', 100.00, 'Bid placed on Main', 12, NULL, 0.00, 'TXN-HKRCUC1ZBV', '2025-10-31 05:02:55', '2025-10-30 23:32:55'),
(9, 3, 'debit', 'bid', 100.00, 'Bid placed on Open', 13, NULL, 49900.00, 'TXN-Q8ZVJBDDBX', '2025-10-31 05:15:08', '2025-10-30 23:45:08'),
(10, 3, 'debit', 'bid', 100.00, 'Bid placed on Open', 14, NULL, 49800.00, 'TXN-3G5UVLVFOY', '2025-10-31 05:17:44', '2025-10-30 23:47:44'),
(11, 3, 'debit', 'bid', 100.00, 'Bid placed on Open', 15, NULL, 49700.00, 'TXN-3DZQOPT4NM', '2025-10-31 05:19:04', '2025-10-30 23:49:04'),
(12, 3, 'debit', 'bid', 100.00, 'Bid placed on Main', 16, NULL, 49600.00, 'TXN-XX5CWGYDYG', '2025-10-31 14:34:01', '2025-10-31 09:04:01'),
(13, 3, 'debit', 'bid', 40.00, 'Bid placed on Main', 17, NULL, 49560.00, 'TXN-5I781FTOSA', '2025-12-30 16:45:41', '2025-12-30 11:15:41'),
(14, 3, 'debit', 'bid', 400.00, 'Bid placed on Starline', 18, NULL, 49160.00, 'TXN-GTK7LJMUMI', '2025-12-30 17:22:56', '2025-12-30 11:52:56'),
(15, 3, 'debit', 'bid', 400.00, 'Bid placed on Market', 19, NULL, 48760.00, 'TXN-PNTEIIWCDU', '2025-12-31 04:16:55', '2025-12-30 22:46:55');

-- --------------------------------------------------------

--
-- Table structure for table `withdraw_requests`
--

CREATE TABLE `withdraw_requests` (
  `id` bigint(20) UNSIGNED NOT NULL,
  `user_id` bigint(20) UNSIGNED NOT NULL,
  `amount` decimal(12,2) NOT NULL,
  `upi_id` varchar(255) NOT NULL,
  `status` enum('pending','approved','rejected') DEFAULT 'pending',
  `admin_id` bigint(20) UNSIGNED DEFAULT NULL,
  `admin_note` varchar(255) DEFAULT NULL,
  `created_at` timestamp NOT NULL DEFAULT current_timestamp(),
  `updated_at` timestamp NOT NULL DEFAULT current_timestamp() ON UPDATE current_timestamp()
) ENGINE=InnoDB DEFAULT CHARSET=utf8mb4 COLLATE=utf8mb4_general_ci;

--
-- Indexes for dumped tables
--

--
-- Indexes for table `admins`
--
ALTER TABLE `admins`
  ADD PRIMARY KEY (`id`);

--
-- Indexes for table `bet_limits`
--
ALTER TABLE `bet_limits`
  ADD PRIMARY KEY (`id`);

--
-- Indexes for table `bids`
--
ALTER TABLE `bids`
  ADD PRIMARY KEY (`id`),
  ADD KEY `user_id` (`user_id`),
  ADD KEY `market_id` (`market_id`),
  ADD KEY `draw_date` (`draw_date`),
  ADD KEY `status` (`status`),
  ADD KEY `wallet_transaction_id` (`wallet_transaction_id`);

--
-- Indexes for table `cache`
--
ALTER TABLE `cache`
  ADD PRIMARY KEY (`key`);

--
-- Indexes for table `cache_locks`
--
ALTER TABLE `cache_locks`
  ADD PRIMARY KEY (`key`);

--
-- Indexes for table `deposit_requests`
--
ALTER TABLE `deposit_requests`
  ADD PRIMARY KEY (`id`);

--
-- Indexes for table `failed_jobs`
--
ALTER TABLE `failed_jobs`
  ADD PRIMARY KEY (`id`),
  ADD UNIQUE KEY `failed_jobs_uuid_unique` (`uuid`);

--
-- Indexes for table `gamelists`
--
ALTER TABLE `gamelists`
  ADD PRIMARY KEY (`id`);

--
-- Indexes for table `gametypes`
--
ALTER TABLE `gametypes`
  ADD PRIMARY KEY (`id`),
  ADD UNIQUE KEY `slug` (`slug`);

--
-- Indexes for table `game_rates`
--
ALTER TABLE `game_rates`
  ADD PRIMARY KEY (`id`);

--
-- Indexes for table `jobs`
--
ALTER TABLE `jobs`
  ADD PRIMARY KEY (`id`),
  ADD KEY `jobs_queue_index` (`queue`);

--
-- Indexes for table `job_batches`
--
ALTER TABLE `job_batches`
  ADD PRIMARY KEY (`id`);

--
-- Indexes for table `kyc_documents`
--
ALTER TABLE `kyc_documents`
  ADD PRIMARY KEY (`id`);

--
-- Indexes for table `market_gametypes`
--
ALTER TABLE `market_gametypes`
  ADD PRIMARY KEY (`id`),
  ADD UNIQUE KEY `market_game_unique` (`market_id`,`game_type_id`),
  ADD KEY `game_type_id` (`game_type_id`);

--
-- Indexes for table `market_schedules`
--
ALTER TABLE `market_schedules`
  ADD PRIMARY KEY (`id`),
  ADD KEY `fk_market_schedules_market` (`market_id`);

--
-- Indexes for table `migrations`
--
ALTER TABLE `migrations`
  ADD PRIMARY KEY (`id`);

--
-- Indexes for table `notifications`
--
ALTER TABLE `notifications`
  ADD PRIMARY KEY (`id`);

--
-- Indexes for table `password_reset_tokens`
--
ALTER TABLE `password_reset_tokens`
  ADD PRIMARY KEY (`email`);

--
-- Indexes for table `results`
--
ALTER TABLE `results`
  ADD PRIMARY KEY (`id`),
  ADD UNIQUE KEY `unique_market_result` (`market_id`,`result_date`);

--
-- Indexes for table `sessions`
--
ALTER TABLE `sessions`
  ADD PRIMARY KEY (`id`),
  ADD KEY `sessions_user_id_index` (`user_id`),
  ADD KEY `sessions_last_activity_index` (`last_activity`);

--
-- Indexes for table `starline_bid_history`
--
ALTER TABLE `starline_bid_history`
  ADD PRIMARY KEY (`id`),
  ADD KEY `user_id` (`user_id`),
  ADD KEY `starline_id` (`starline_id`),
  ADD KEY `bid_date` (`bid_date`);

--
-- Indexes for table `starline_gametypes`
--
ALTER TABLE `starline_gametypes`
  ADD PRIMARY KEY (`id`),
  ADD UNIQUE KEY `market_game_unique` (`market_id`,`game_type_id`),
  ADD KEY `game_type_id` (`game_type_id`);

--
-- Indexes for table `starline_names`
--
ALTER TABLE `starline_names`
  ADD PRIMARY KEY (`id`),
  ADD UNIQUE KEY `slug` (`slug`);

--
-- Indexes for table `starline_rates`
--
ALTER TABLE `starline_rates`
  ADD PRIMARY KEY (`id`);

--
-- Indexes for table `starline_results`
--
ALTER TABLE `starline_results`
  ADD PRIMARY KEY (`id`);

--
-- Indexes for table `starline_result_history`
--
ALTER TABLE `starline_result_history`
  ADD PRIMARY KEY (`id`),
  ADD UNIQUE KEY `uniq_starline_day` (`starline_id`,`result_date`);

--
-- Indexes for table `starline_schedule`
--
ALTER TABLE `starline_schedule`
  ADD PRIMARY KEY (`id`),
  ADD KEY `fk_starline_schedule_market` (`starline_id`);

--
-- Indexes for table `users`
--
ALTER TABLE `users`
  ADD PRIMARY KEY (`id`),
  ADD UNIQUE KEY `users_email_unique` (`email`);

--
-- Indexes for table `wallets`
--
ALTER TABLE `wallets`
  ADD PRIMARY KEY (`id`),
  ADD UNIQUE KEY `user_id` (`user_id`);

--
-- Indexes for table `wallet_transactions`
--
ALTER TABLE `wallet_transactions`
  ADD PRIMARY KEY (`id`),
  ADD UNIQUE KEY `transaction_code` (`transaction_code`),
  ADD KEY `wallet_id` (`wallet_id`),
  ADD KEY `reference_id` (`reference_id`),
  ADD KEY `reference_type` (`reference_type`);

--
-- Indexes for table `withdraw_requests`
--
ALTER TABLE `withdraw_requests`
  ADD PRIMARY KEY (`id`);

--
-- AUTO_INCREMENT for dumped tables
--

--
-- AUTO_INCREMENT for table `admins`
--
ALTER TABLE `admins`
  MODIFY `id` int(11) NOT NULL AUTO_INCREMENT, AUTO_INCREMENT=2;

--
-- AUTO_INCREMENT for table `bet_limits`
--
ALTER TABLE `bet_limits`
  MODIFY `id` bigint(20) UNSIGNED NOT NULL AUTO_INCREMENT;

--
-- AUTO_INCREMENT for table `bids`
--
ALTER TABLE `bids`
  MODIFY `id` bigint(20) UNSIGNED NOT NULL AUTO_INCREMENT, AUTO_INCREMENT=20;

--
-- AUTO_INCREMENT for table `deposit_requests`
--
ALTER TABLE `deposit_requests`
  MODIFY `id` bigint(20) UNSIGNED NOT NULL AUTO_INCREMENT;

--
-- AUTO_INCREMENT for table `failed_jobs`
--
ALTER TABLE `failed_jobs`
  MODIFY `id` bigint(20) UNSIGNED NOT NULL AUTO_INCREMENT;

--
-- AUTO_INCREMENT for table `gamelists`
--
ALTER TABLE `gamelists`
  MODIFY `id` bigint(20) UNSIGNED NOT NULL AUTO_INCREMENT, AUTO_INCREMENT=53;

--
-- AUTO_INCREMENT for table `gametypes`
--
ALTER TABLE `gametypes`
  MODIFY `id` bigint(20) NOT NULL AUTO_INCREMENT, AUTO_INCREMENT=13;

--
-- AUTO_INCREMENT for table `game_rates`
--
ALTER TABLE `game_rates`
  MODIFY `id` bigint(20) UNSIGNED NOT NULL AUTO_INCREMENT, AUTO_INCREMENT=2;

--
-- AUTO_INCREMENT for table `jobs`
--
ALTER TABLE `jobs`
  MODIFY `id` bigint(20) UNSIGNED NOT NULL AUTO_INCREMENT;

--
-- AUTO_INCREMENT for table `kyc_documents`
--
ALTER TABLE `kyc_documents`
  MODIFY `id` bigint(20) UNSIGNED NOT NULL AUTO_INCREMENT;

--
-- AUTO_INCREMENT for table `market_gametypes`
--
ALTER TABLE `market_gametypes`
  MODIFY `id` bigint(20) UNSIGNED NOT NULL AUTO_INCREMENT, AUTO_INCREMENT=677;

--
-- AUTO_INCREMENT for table `market_schedules`
--
ALTER TABLE `market_schedules`
  MODIFY `id` bigint(20) UNSIGNED NOT NULL AUTO_INCREMENT, AUTO_INCREMENT=351;

--
-- AUTO_INCREMENT for table `migrations`
--
ALTER TABLE `migrations`
  MODIFY `id` int(10) UNSIGNED NOT NULL AUTO_INCREMENT, AUTO_INCREMENT=4;

--
-- AUTO_INCREMENT for table `notifications`
--
ALTER TABLE `notifications`
  MODIFY `id` bigint(20) UNSIGNED NOT NULL AUTO_INCREMENT;

--
-- AUTO_INCREMENT for table `results`
--
ALTER TABLE `results`
  MODIFY `id` int(11) NOT NULL AUTO_INCREMENT;

--
-- AUTO_INCREMENT for table `starline_bid_history`
--
ALTER TABLE `starline_bid_history`
  MODIFY `id` bigint(20) UNSIGNED NOT NULL AUTO_INCREMENT, AUTO_INCREMENT=2;

--
-- AUTO_INCREMENT for table `starline_gametypes`
--
ALTER TABLE `starline_gametypes`
  MODIFY `id` bigint(20) UNSIGNED NOT NULL AUTO_INCREMENT, AUTO_INCREMENT=61;

--
-- AUTO_INCREMENT for table `starline_names`
--
ALTER TABLE `starline_names`
  MODIFY `id` bigint(20) UNSIGNED NOT NULL AUTO_INCREMENT, AUTO_INCREMENT=16;

--
-- AUTO_INCREMENT for table `starline_rates`
--
ALTER TABLE `starline_rates`
  MODIFY `id` bigint(20) UNSIGNED NOT NULL AUTO_INCREMENT, AUTO_INCREMENT=5;

--
-- AUTO_INCREMENT for table `starline_results`
--
ALTER TABLE `starline_results`
  MODIFY `id` bigint(20) UNSIGNED NOT NULL AUTO_INCREMENT;

--
-- AUTO_INCREMENT for table `starline_result_history`
--
ALTER TABLE `starline_result_history`
  MODIFY `id` bigint(20) UNSIGNED NOT NULL AUTO_INCREMENT, AUTO_INCREMENT=2;

--
-- AUTO_INCREMENT for table `starline_schedule`
--
ALTER TABLE `starline_schedule`
  MODIFY `id` bigint(20) UNSIGNED NOT NULL AUTO_INCREMENT, AUTO_INCREMENT=106;

--
-- AUTO_INCREMENT for table `users`
--
ALTER TABLE `users`
  MODIFY `id` bigint(20) UNSIGNED NOT NULL AUTO_INCREMENT, AUTO_INCREMENT=6;

--
-- AUTO_INCREMENT for table `wallets`
--
ALTER TABLE `wallets`
  MODIFY `id` bigint(20) UNSIGNED NOT NULL AUTO_INCREMENT, AUTO_INCREMENT=4;

--
-- AUTO_INCREMENT for table `wallet_transactions`
--
ALTER TABLE `wallet_transactions`
  MODIFY `id` bigint(20) UNSIGNED NOT NULL AUTO_INCREMENT, AUTO_INCREMENT=16;

--
-- AUTO_INCREMENT for table `withdraw_requests`
--
ALTER TABLE `withdraw_requests`
  MODIFY `id` bigint(20) UNSIGNED NOT NULL AUTO_INCREMENT;

--
-- Constraints for dumped tables
--

--
-- Constraints for table `bids`
--
ALTER TABLE `bids`
  ADD CONSTRAINT `bids_ibfk_1` FOREIGN KEY (`wallet_transaction_id`) REFERENCES `wallet_transactions` (`id`) ON DELETE SET NULL;

--
-- Constraints for table `market_gametypes`
--
ALTER TABLE `market_gametypes`
  ADD CONSTRAINT `market_gametypes_ibfk_1` FOREIGN KEY (`market_id`) REFERENCES `gamelists` (`id`) ON DELETE CASCADE,
  ADD CONSTRAINT `market_gametypes_ibfk_2` FOREIGN KEY (`game_type_id`) REFERENCES `gametypes` (`id`) ON DELETE CASCADE;

--
-- Constraints for table `market_schedules`
--
ALTER TABLE `market_schedules`
  ADD CONSTRAINT `fk_market_schedules_market` FOREIGN KEY (`market_id`) REFERENCES `gamelists` (`id`) ON DELETE CASCADE;

--
-- Constraints for table `results`
--
ALTER TABLE `results`
  ADD CONSTRAINT `results_ibfk_1` FOREIGN KEY (`market_id`) REFERENCES `gamelists` (`id`) ON DELETE CASCADE;

--
-- Constraints for table `starline_schedule`
--
ALTER TABLE `starline_schedule`
  ADD CONSTRAINT `fk_starline_schedule_market` FOREIGN KEY (`starline_id`) REFERENCES `starline_names` (`id`) ON DELETE CASCADE;

--
-- Constraints for table `wallets`
--
ALTER TABLE `wallets`
  ADD CONSTRAINT `wallets_ibfk_1` FOREIGN KEY (`user_id`) REFERENCES `users` (`id`) ON DELETE CASCADE;

--
-- Constraints for table `wallet_transactions`
--
ALTER TABLE `wallet_transactions`
  ADD CONSTRAINT `wallet_transactions_ibfk_1` FOREIGN KEY (`wallet_id`) REFERENCES `wallets` (`id`) ON DELETE CASCADE;
COMMIT;

/*!40101 SET CHARACTER_SET_CLIENT=@OLD_CHARACTER_SET_CLIENT */;
/*!40101 SET CHARACTER_SET_RESULTS=@OLD_CHARACTER_SET_RESULTS */;
/*!40101 SET COLLATION_CONNECTION=@OLD_COLLATION_CONNECTION */;
